----------------------------------------
hide_prompt_pool tensor([[[[[[-3.9728e-01,  1.8645e-02, -7.3526e-01,  ...,  5.5997e-01,
             -4.0047e-01,  1.4209e+00],
            [ 5.9852e-01, -2.6342e-01, -5.1804e-01,  ..., -1.0629e+00,
             -9.8885e-02, -5.7171e-01],
            [ 2.4908e-01,  3.5153e-01, -8.9045e-01,  ...,  9.8842e-01,
             -7.8154e-01, -4.4417e-01],
            ...,
            [-6.1422e-01,  6.9405e-02,  3.1321e-01,  ...,  1.5045e-01,
             -9.7478e-01, -1.3124e+00],
            [-2.0783e-01, -8.5204e-01, -3.7799e-01,  ...,  1.1899e+00,
             -5.5962e-02,  7.7228e-02],
            [-1.1405e+00, -1.0413e+00,  2.6085e-01,  ...,  5.6628e-01,
             -9.2696e-01, -3.6504e-01]],

           [[-9.2170e-01,  2.4808e-01,  5.6124e-01,  ..., -8.8868e-01,
              4.9936e-01,  2.9311e-01],
            [ 1.5012e-01, -8.0907e-01, -4.1264e-01,  ..., -1.3869e+00,
             -7.5099e-01, -5.1254e-01],
            [ 1.4466e-01,  9.8304e-01, -1.0901e+00,  ..., -5.0558e-01,
              5.5351e-01, -1.9455e-02],
            ...,
            [-1.0555e+00,  7.0290e-01,  7.7110e-01,  ...,  4.3072e-01,
              1.0498e+00,  3.0965e-01],
            [ 4.8127e-01,  4.8761e-01,  1.1979e-01,  ...,  5.5820e-01,
             -4.1735e-01,  6.4630e-01],
            [-5.8254e-01, -1.1458e+00,  4.2492e-01,  ...,  7.5229e-01,
             -2.7302e-01, -7.6847e-01]],

           [[-6.6956e-01, -3.4537e-01,  6.2156e-02,  ..., -9.3374e-01,
              1.4276e-01, -4.3302e-01],
            [-7.0375e-01, -1.0952e-01, -1.7314e-01,  ..., -1.1632e+00,
             -5.9020e-01, -6.0191e-01],
            [-5.8012e-01, -4.9733e-01,  1.0682e-01,  ..., -9.0209e-01,
             -2.9117e-01, -1.2060e-01],
            ...,
            [-7.7171e-01, -5.0580e-01,  8.6798e-01,  ..., -7.4846e-01,
             -1.3291e-01, -2.6855e-01],
            [ 1.3543e+00, -7.6507e-01, -9.1332e-01,  ..., -1.0540e+00,
             -8.3688e-01,  4.7813e-02],
            [-9.9108e-02, -1.7600e-01,  1.2467e-01,  ...,  2.4763e-01,
             -1.0823e+00, -8.3685e-01]],

           ...,

           [[-4.1323e-01,  1.2222e+00, -5.1150e-01,  ...,  2.7487e-02,
             -5.9660e-01,  1.6620e-01],
            [ 8.8791e-01,  1.1225e+00, -5.0946e-01,  ..., -4.5616e-01,
             -2.9011e-01,  9.8971e-01],
            [ 1.9906e-01,  8.3031e-01, -9.0354e-01,  ..., -4.2292e-01,
             -4.6965e-01, -3.7465e-01],
            ...,
            [ 4.7965e-01,  3.6611e-01,  1.0822e+00,  ..., -3.7354e-01,
              2.3284e-01,  6.5658e-01],
            [-9.0129e-02, -1.6465e-01, -3.2300e-01,  ..., -9.2915e-01,
             -6.6446e-01, -9.7448e-01],
            [ 1.4339e+00,  1.2564e-01,  1.2559e+00,  ...,  1.4697e+00,
              1.0374e+00,  1.0931e+00]],

           [[ 3.7411e-01,  1.1181e+00, -8.3042e-01,  ...,  8.8114e-01,
             -1.2586e+00,  1.7246e-01],
            [ 1.1084e+00,  9.0636e-01,  3.2003e-01,  ...,  1.5393e-01,
             -1.0438e+00,  5.4274e-01],
            [ 5.1847e-01,  1.0367e+00, -4.8826e-01,  ..., -8.8572e-01,
              9.5798e-01, -9.4998e-01],
            ...,
            [-1.1062e+00,  9.4616e-01,  3.6203e-01,  ...,  1.0659e+00,
              5.5263e-01, -7.0863e-01],
            [ 1.5631e-01, -3.3939e-01, -1.0643e+00,  ...,  4.3364e-01,
              8.3269e-02, -2.3480e-01],
            [-4.1249e-01, -5.6020e-01,  6.5302e-01,  ...,  8.4234e-01,
             -1.2020e-01,  5.2673e-02]],

           [[ 8.0308e-02,  1.3240e+00,  4.8695e-01,  ..., -8.8325e-02,
              1.3342e-01,  5.9540e-01],
            [ 1.3620e-01, -3.8929e-01,  6.8469e-02,  ..., -1.2869e+00,
              4.6609e-01,  7.3418e-01],
            [-1.0240e+00, -3.7762e-01, -3.7703e-01,  ...,  7.8060e-01,
             -1.2463e+00,  3.6590e-01],
            ...,
            [-2.8126e-02,  5.8355e-01,  8.6444e-01,  ..., -3.6405e-01,
              7.4903e-01, -8.6751e-01],
            [ 7.2484e-01,  4.9833e-02,  2.9135e-01,  ...,  3.0064e-01,
              4.5923e-01, -5.4905e-01],
            [ 6.7085e-01,  7.8338e-01,  1.6922e-01,  ...,  9.0527e-01,
             -1.5472e-01,  7.4981e-02]]],


          [[[-1.7551e-01, -7.1360e-01,  9.0287e-01,  ..., -9.1740e-01,
             -5.9567e-02, -5.8835e-01],
            [ 3.9823e-01,  6.8636e-01,  4.3294e-01,  ...,  9.5359e-01,
             -7.5325e-01,  4.9142e-01],
            [ 7.2167e-01, -4.0180e-01,  6.5924e-01,  ...,  8.6371e-01,
              5.5971e-01, -6.5228e-02],
            ...,
            [-4.8395e-01,  8.9124e-01, -6.4589e-01,  ..., -7.5580e-01,
              8.6888e-01, -9.5543e-01],
            [-3.9558e-01, -6.6903e-02, -6.4016e-02,  ..., -9.7802e-01,
              3.9463e-02,  8.0487e-01],
            [-9.7923e-03,  3.6404e-01, -1.5981e-01,  ..., -9.8992e-01,
              3.2285e-01,  5.1137e-01]],

           [[ 6.3219e-01,  4.6094e-01,  8.8896e-01,  ...,  2.5659e-01,
              6.1298e-01,  6.8191e-02],
            [-2.8316e-01, -3.8717e-01,  3.7536e-01,  ...,  2.0556e-01,
             -1.5740e-01, -2.4592e-01],
            [-3.9432e-01,  2.3942e-01, -5.7635e-01,  ...,  1.6912e-01,
              4.0347e-01, -7.0421e-01],
            ...,
            [ 3.7822e-01,  9.0868e-02,  5.4291e-01,  ..., -7.2185e-03,
              5.4072e-01,  9.4617e-01],
            [-8.8803e-01, -1.6258e-01, -3.5165e-01,  ..., -3.5974e-01,
              7.0155e-01,  9.2462e-01],
            [-9.3688e-01, -8.7597e-01, -8.4710e-01,  ...,  1.1127e-01,
              7.5913e-01,  7.4683e-01]],

           [[ 1.8320e-01, -9.5068e-01,  9.1109e-01,  ..., -8.5554e-01,
             -9.6468e-01, -6.5634e-01],
            [ 2.7691e-01,  7.8344e-01, -8.2519e-01,  ...,  4.5898e-01,
              3.9702e-01,  8.8606e-01],
            [ 1.5812e-01, -1.6073e-01, -4.4524e-01,  ..., -4.2854e-01,
              9.5889e-01, -5.4850e-02],
            ...,
            [ 7.2847e-01,  1.6730e-01, -5.7012e-03,  ...,  9.5634e-01,
             -8.3205e-01, -6.2010e-01],
            [-8.4174e-01,  3.4736e-01, -4.9309e-01,  ...,  8.5890e-01,
             -2.0915e-01, -6.2796e-02],
            [-1.0732e-01,  1.5803e-01, -4.9859e-01,  ..., -9.8093e-01,
             -2.1795e-01, -5.6355e-01]],

           ...,

           [[-2.1692e-01, -9.7703e-01, -2.5625e-01,  ..., -9.4244e-01,
             -7.9005e-01, -1.5346e-01],
            [-7.6354e-01, -7.5727e-01,  9.1487e-01,  ...,  4.8442e-01,
              9.1155e-01, -8.7588e-01],
            [ 6.8941e-01, -9.5337e-01,  1.4554e-01,  ...,  2.2335e-01,
              9.7550e-01,  9.2230e-01],
            ...,
            [ 1.7461e-01, -9.6044e-01, -7.7273e-01,  ...,  6.1561e-01,
              7.4268e-01,  1.8531e-01],
            [ 9.4738e-01, -9.6052e-01,  8.4996e-01,  ..., -9.7549e-01,
              2.3231e-01,  9.1568e-01],
            [ 6.4431e-01,  7.4007e-01,  1.1430e-01,  ...,  6.7694e-01,
             -5.7647e-01,  4.2244e-01]],

           [[ 9.4506e-01, -4.0009e-01, -7.5122e-02,  ...,  9.7559e-01,
             -5.1284e-01, -4.8831e-02],
            [-1.3176e-03,  2.4005e-01,  8.1494e-01,  ..., -1.1465e-01,
              3.8459e-01, -1.9943e-01],
            [ 4.1663e-01, -9.8431e-01, -8.4789e-01,  ...,  8.3536e-01,
             -3.8123e-01,  4.4073e-01],
            ...,
            [ 4.2398e-02,  3.0616e-01,  2.3123e-01,  ...,  9.8482e-01,
              9.5956e-02,  8.8741e-01],
            [-2.8373e-01,  8.7758e-01, -8.7464e-01,  ..., -1.6352e-01,
             -3.2592e-01,  8.5196e-01],
            [ 6.8520e-01,  3.0930e-01,  3.8257e-01,  ..., -8.2084e-01,
              2.7545e-01,  2.3602e-02]],

           [[ 4.7435e-03, -6.3378e-02, -6.4684e-01,  ..., -6.7225e-01,
             -4.9329e-01, -8.8011e-01],
            [-6.1149e-01,  8.6390e-01,  3.4736e-01,  ..., -4.5157e-01,
              8.9187e-01, -4.2151e-01],
            [-3.4597e-01,  7.7085e-01,  9.1267e-02,  ...,  6.7203e-01,
             -8.1692e-01,  9.5150e-01],
            ...,
            [-9.6500e-02,  3.3541e-01, -5.2185e-02,  ...,  6.4670e-01,
              6.3572e-01,  1.1717e-02],
            [ 1.5393e-01, -1.4054e-01,  2.8014e-04,  ...,  1.3392e-01,
              9.1879e-01,  8.2480e-01],
            [ 6.3980e-01, -6.8912e-01, -6.5690e-01,  ...,  9.6130e-02,
             -2.0162e-01, -4.5405e-01]]],


          [[[-8.5037e-01,  8.8195e-01, -1.5613e-01,  ...,  8.4681e-01,
              4.3492e-01,  4.9365e-01],
            [-8.1524e-02, -9.3479e-01,  5.8247e-01,  ...,  8.4597e-01,
             -5.1219e-01,  9.2257e-02],
            [-2.0028e-01, -3.9010e-01, -7.4348e-01,  ..., -6.3556e-01,
              3.4392e-01, -3.3995e-01],
            ...,
            [-3.3489e-01, -5.6692e-01, -5.1982e-01,  ..., -4.2345e-01,
              5.7362e-02, -2.4892e-01],
            [-4.0269e-01, -5.0153e-01, -4.6609e-01,  ...,  1.6897e-03,
             -1.1889e-01,  7.1021e-01],
            [ 3.4499e-01, -6.4616e-01,  7.8117e-01,  ...,  6.0680e-01,
              7.8148e-01,  1.6760e-01]],

           [[-4.1426e-01, -2.6138e-01,  8.4376e-01,  ..., -3.9936e-01,
             -9.4398e-01,  3.9737e-02],
            [-1.9213e-01,  1.7001e-01,  4.3142e-01,  ...,  5.2310e-01,
              6.3788e-01,  4.4021e-01],
            [-3.9902e-01,  8.7124e-01,  8.0245e-01,  ...,  5.2616e-01,
             -1.4577e-01,  5.3865e-01],
            ...,
            [-8.5244e-01, -9.9977e-01, -4.5619e-01,  ..., -5.8691e-01,
             -4.7318e-01, -2.1066e-01],
            [ 8.9801e-01, -1.7249e-01,  3.0002e-01,  ...,  5.2999e-01,
              1.8316e-01,  3.6261e-01],
            [-3.7575e-04, -6.0271e-01,  3.5797e-01,  ..., -6.3187e-01,
             -4.6786e-01, -8.2032e-01]],

           [[ 6.6380e-01,  2.2686e-01,  7.3249e-01,  ...,  6.5944e-01,
             -2.1323e-01,  8.0121e-01],
            [ 5.9690e-01, -1.8868e-01, -4.2618e-01,  ..., -5.0204e-01,
             -6.4992e-01, -3.0139e-01],
            [ 2.3195e-01, -2.8267e-01,  9.9233e-01,  ..., -9.1693e-01,
              5.8764e-01,  1.2825e-02],
            ...,
            [-3.2054e-01,  3.5083e-01,  8.9361e-01,  ...,  2.2894e-01,
             -3.6040e-02,  7.0470e-01],
            [ 5.7526e-01,  9.8730e-01, -7.7324e-01,  ..., -9.1002e-01,
              7.5461e-01,  4.1332e-02],
            [-8.2028e-01, -2.3342e-01,  5.8256e-01,  ..., -1.2734e-01,
              6.1295e-01, -1.8057e-01]],

           ...,

           [[-9.5542e-01, -2.7193e-01,  1.3463e-01,  ...,  9.5653e-01,
              5.4731e-01,  5.5122e-02],
            [-1.0827e-01, -1.0893e-01,  6.3189e-01,  ...,  9.6340e-01,
             -8.3955e-01,  6.5307e-01],
            [ 6.4249e-01, -5.4763e-01, -4.4014e-01,  ..., -2.6532e-01,
             -5.9155e-01, -3.8777e-01],
            ...,
            [-3.1006e-01, -4.5258e-01,  3.3310e-01,  ...,  8.9137e-01,
              7.7509e-01, -6.7446e-01],
            [ 1.9251e-01,  1.8808e-02,  8.7312e-01,  ...,  2.9167e-01,
             -5.1084e-01,  1.2417e-01],
            [ 2.7001e-01, -8.9863e-01, -5.8397e-01,  ..., -4.1392e-01,
              1.8230e-01,  2.3858e-01]],

           [[ 3.6477e-03, -4.5291e-01, -7.1470e-01,  ...,  9.6638e-01,
              3.6563e-02,  2.5286e-01],
            [-1.8673e-01,  5.5288e-02,  1.9224e-01,  ...,  6.1391e-01,
             -3.9538e-02,  4.8690e-01],
            [-4.0655e-01, -5.7540e-01, -7.0363e-01,  ..., -2.4681e-01,
              7.9241e-01,  6.1440e-01],
            ...,
            [ 9.6275e-01,  7.9287e-01,  3.7592e-01,  ..., -1.7170e-01,
             -1.3347e-01, -4.4911e-01],
            [ 6.0121e-01,  8.7635e-02,  6.0168e-01,  ...,  4.5019e-01,
              1.4066e-01, -5.5569e-01],
            [-3.4077e-01, -2.0144e-01, -9.3413e-01,  ...,  7.5600e-01,
             -6.9088e-02,  6.7597e-01]],

           [[ 6.6617e-01, -8.6319e-01, -8.5588e-01,  ..., -3.6719e-01,
             -8.5254e-01,  3.0097e-02],
            [ 1.0704e-01, -1.8224e-01, -3.0739e-01,  ..., -7.2255e-01,
              8.3345e-01,  2.5932e-01],
            [ 8.4262e-01,  9.3854e-01,  4.9501e-02,  ...,  1.4422e-01,
             -7.4655e-01,  3.9199e-01],
            ...,
            [ 3.7805e-01,  4.5686e-01,  9.9134e-01,  ..., -5.8744e-01,
              7.7442e-02, -3.2858e-01],
            [ 7.0902e-01,  5.1586e-01,  7.2018e-01,  ...,  2.1493e-04,
              1.3156e-01, -7.7205e-01],
            [-1.5204e-01, -2.6665e-01, -4.1737e-02,  ..., -8.0534e-01,
             -3.9382e-01,  1.7119e-01]]],


          ...,


          [[[ 3.4478e-01, -9.6673e-01, -7.2390e-01,  ..., -1.2716e-01,
             -6.7594e-01, -4.9690e-01],
            [-9.5928e-01, -9.1320e-01, -5.9012e-01,  ..., -1.7203e-01,
             -1.7473e-01,  1.3636e-01],
            [-9.7346e-01, -7.1450e-01,  9.5450e-01,  ...,  2.5057e-01,
              5.6166e-01, -4.4901e-01],
            ...,
            [-7.5134e-01, -4.0003e-01,  1.8913e-01,  ..., -2.3818e-01,
              3.5336e-01, -6.1173e-01],
            [-3.1523e-01, -4.2865e-01,  5.6766e-01,  ..., -3.4748e-01,
             -7.9738e-01,  8.2465e-01],
            [ 4.5562e-01,  9.1769e-02, -6.8671e-02,  ...,  8.0554e-01,
             -1.7465e-02,  3.3251e-02]],

           [[-4.6634e-01,  9.3219e-01, -6.2455e-02,  ..., -2.2801e-01,
              1.4263e-01,  6.4969e-01],
            [-9.2809e-01, -7.1584e-01,  7.7245e-01,  ..., -6.4549e-01,
             -7.4180e-01,  7.2132e-01],
            [-8.8863e-01, -1.2560e-01, -8.4973e-01,  ...,  7.1454e-01,
             -1.3235e-02,  6.6581e-01],
            ...,
            [-5.5109e-01, -5.7329e-02, -9.1212e-01,  ..., -5.2161e-01,
             -4.6418e-01,  3.3724e-02],
            [ 8.8282e-01,  6.7031e-01,  8.9899e-01,  ..., -6.9100e-01,
             -6.9722e-01,  8.0544e-02],
            [ 8.9893e-01, -6.4147e-01, -4.9567e-02,  ...,  7.8437e-02,
              9.9189e-02,  3.6064e-01]],

           [[-3.7562e-01, -7.2420e-01,  7.1162e-01,  ..., -5.3854e-01,
             -4.1473e-01,  1.0999e-01],
            [ 4.0553e-01,  7.7482e-01, -8.5491e-01,  ...,  1.3361e-01,
              2.2168e-01, -4.6095e-01],
            [ 2.4509e-01, -7.3463e-01, -2.8563e-01,  ...,  5.6073e-01,
             -2.5586e-01,  6.3143e-01],
            ...,
            [-3.4700e-02, -1.4864e-01, -2.3614e-01,  ..., -7.0064e-01,
              3.4674e-01,  8.2354e-01],
            [ 6.9168e-01,  6.4307e-01, -8.6796e-01,  ...,  5.9591e-01,
              9.1137e-01,  1.7929e-01],
            [-3.3344e-01,  7.0442e-01,  5.0386e-02,  ..., -4.6540e-01,
             -3.4180e-01, -6.0337e-01]],

           ...,

           [[ 4.9078e-02,  4.6070e-01, -2.9736e-01,  ..., -4.4147e-01,
              8.6454e-01, -9.9592e-01],
            [-4.9470e-01,  6.0368e-01, -1.9482e-01,  ...,  5.2185e-01,
             -8.3901e-01, -6.9417e-02],
            [ 7.0990e-01,  2.3542e-01,  8.7083e-01,  ..., -7.2732e-01,
             -4.5846e-01, -4.4551e-01],
            ...,
            [-7.2545e-02, -1.2102e-01,  9.4881e-01,  ...,  7.1658e-01,
             -4.3111e-01,  5.5245e-01],
            [ 6.2003e-01,  1.9857e-01,  3.7393e-01,  ..., -1.7559e-01,
              6.5977e-01, -8.5415e-01],
            [ 8.0012e-01,  8.2885e-01,  7.2178e-01,  ...,  8.2108e-01,
              4.8058e-01, -3.8927e-01]],

           [[ 2.3619e-01,  3.1034e-01,  8.9124e-01,  ..., -7.7489e-01,
              6.6338e-02,  6.3450e-01],
            [-2.9817e-01,  1.2755e-01,  9.9187e-01,  ...,  1.1855e-01,
              4.3415e-01,  9.0924e-02],
            [-6.4349e-01,  7.8130e-01,  7.7712e-01,  ..., -4.5950e-01,
             -1.5514e-01, -6.8182e-01],
            ...,
            [ 5.5135e-01,  3.2144e-01, -4.0562e-01,  ..., -3.8213e-01,
             -8.9447e-01, -6.8372e-02],
            [ 8.1363e-02,  8.6964e-01, -2.2604e-01,  ...,  7.8383e-01,
              8.7467e-01,  5.7035e-01],
            [-7.8032e-01,  6.8275e-01, -3.0832e-01,  ...,  7.1728e-02,
              2.3071e-01,  1.3929e-01]],

           [[ 5.5167e-01, -9.7095e-01, -3.5221e-01,  ...,  5.6210e-01,
             -6.6484e-01, -2.5947e-01],
            [ 9.5116e-01, -9.8888e-01, -2.0730e-01,  ..., -5.7658e-02,
              1.2790e-01,  3.1052e-01],
            [-1.7869e-01, -3.2126e-01,  5.5244e-01,  ...,  8.9513e-01,
             -1.2487e-01, -9.0979e-01],
            ...,
            [-7.4973e-02,  5.1412e-01, -5.1629e-01,  ...,  1.7631e-01,
             -7.4525e-01,  9.2268e-01],
            [ 1.8438e-01, -5.9813e-01, -2.6938e-01,  ..., -3.8342e-01,
             -4.9675e-01,  7.9275e-01],
            [ 1.8820e-01,  5.9705e-01,  2.3515e-01,  ..., -5.4586e-01,
              2.5835e-01,  3.8409e-02]]],


          [[[ 7.5704e-02,  4.8440e-01, -7.1411e-01,  ..., -1.8698e-01,
              3.0614e-01,  9.0085e-01],
            [ 6.4067e-01, -9.1956e-01, -1.1904e-01,  ...,  9.7396e-02,
             -4.8843e-01,  2.3681e-01],
            [-4.1888e-01,  8.6287e-01, -3.9079e-01,  ..., -9.7997e-01,
              7.8862e-01, -8.5670e-01],
            ...,
            [ 7.8845e-01,  5.0933e-01,  7.3347e-01,  ..., -2.4506e-01,
              1.9183e-01,  2.4787e-01],
            [ 6.5142e-01, -7.3322e-01,  5.0499e-01,  ..., -1.4839e-01,
              9.2359e-02, -5.7595e-01],
            [ 4.5934e-01, -6.7420e-01,  1.5964e-01,  ..., -9.6531e-01,
             -4.9687e-01, -1.6991e-02]],

           [[-8.0569e-01, -1.7111e-01,  1.5915e-01,  ..., -8.4397e-01,
             -6.3447e-01,  2.1668e-01],
            [ 8.9542e-01,  7.1941e-01,  9.3459e-01,  ..., -4.5583e-01,
              4.8855e-01, -5.3890e-01],
            [-9.0974e-01,  8.2620e-01,  2.3952e-01,  ...,  5.7844e-02,
             -4.9735e-01, -8.4853e-01],
            ...,
            [-9.7814e-01,  3.2735e-01, -8.7000e-01,  ...,  8.1290e-01,
              5.0651e-01, -1.8853e-01],
            [-6.2315e-01, -1.6724e-01,  4.1383e-02,  ...,  8.2658e-01,
              4.0447e-02, -1.8295e-01],
            [-7.9004e-01, -7.3266e-01,  4.8687e-01,  ..., -6.9693e-01,
              4.4740e-01, -1.3731e-01]],

           [[-4.4934e-01, -2.8791e-01, -8.5774e-01,  ...,  5.7679e-01,
             -6.3627e-02,  3.2103e-01],
            [ 7.2272e-01,  6.5485e-01, -7.1782e-01,  ...,  2.4166e-01,
             -3.7229e-01, -8.0750e-01],
            [-6.0402e-01, -3.0409e-01, -5.5429e-01,  ..., -3.0281e-01,
              7.0278e-01, -1.6402e-01],
            ...,
            [ 3.6949e-01,  5.6484e-01, -9.4732e-01,  ..., -8.1520e-01,
              2.1776e-01, -2.1050e-01],
            [ 3.2288e-01,  1.1414e-01,  6.0436e-01,  ..., -3.0838e-01,
              9.6176e-01, -9.0250e-01],
            [ 5.1709e-02,  7.6498e-01,  2.2519e-01,  ...,  3.8426e-02,
             -3.5177e-01,  9.0006e-01]],

           ...,

           [[ 8.6033e-03, -4.8193e-02,  2.7494e-01,  ...,  6.8508e-02,
             -2.9672e-01, -3.1185e-01],
            [-4.1669e-01,  1.9982e-01, -9.3321e-01,  ...,  3.3064e-02,
              1.0825e-01, -6.8318e-01],
            [ 5.8555e-01, -9.8756e-02, -2.6327e-01,  ..., -4.6881e-01,
             -3.9218e-02, -3.2170e-01],
            ...,
            [ 2.9137e-01, -4.1361e-01, -7.1853e-01,  ..., -9.9943e-01,
              5.9510e-01, -4.8465e-01],
            [ 2.0717e-01, -5.6224e-01,  4.6794e-01,  ..., -1.3180e-01,
              8.1188e-01,  9.1123e-01],
            [-2.1951e-01,  3.3547e-01,  9.9082e-01,  ..., -3.1242e-01,
              2.8335e-02, -8.7012e-02]],

           [[-4.6613e-01,  2.4123e-01, -2.7899e-01,  ...,  1.8198e-01,
             -8.7569e-01, -9.0006e-01],
            [-3.4186e-01,  1.9077e-02, -4.8680e-01,  ...,  8.9243e-02,
             -1.1354e-02,  7.1197e-01],
            [-9.1365e-01,  1.9427e-01,  9.4160e-01,  ..., -3.6360e-02,
              1.0279e-01, -9.5345e-01],
            ...,
            [-8.2907e-01,  5.6594e-01, -7.1386e-01,  ..., -7.0906e-01,
              2.6221e-01, -1.7232e-01],
            [ 9.6891e-01,  1.3921e-01, -9.6893e-01,  ...,  7.2813e-01,
              8.8003e-01,  8.7664e-01],
            [-7.5292e-01, -3.8695e-01,  7.0241e-01,  ...,  4.2466e-01,
             -1.6923e-01, -1.8620e-01]],

           [[-6.9380e-01, -1.7892e-01, -8.6063e-01,  ...,  4.7912e-01,
             -4.1278e-01, -1.7791e-01],
            [-3.1502e-03,  3.7724e-01, -5.8535e-01,  ...,  9.6072e-01,
             -6.3032e-01, -4.1263e-01],
            [-1.0896e-01, -3.9114e-01, -4.7585e-01,  ...,  4.8080e-01,
              2.6740e-02,  5.0516e-01],
            ...,
            [-2.7287e-01,  9.2526e-01, -2.2481e-01,  ..., -4.0655e-01,
             -4.4377e-02,  7.2996e-01],
            [ 6.9274e-01, -5.9388e-03, -6.3705e-01,  ..., -1.6502e-01,
              1.9900e-01, -2.5670e-01],
            [ 4.9820e-01, -6.8489e-01, -4.6726e-01,  ...,  3.6271e-01,
             -6.9233e-01,  3.0983e-01]]],


          [[[-2.3833e-01, -1.0269e-01,  9.6971e-01,  ...,  7.4601e-01,
              2.1952e-01, -3.9455e-01],
            [-9.5204e-01,  5.2154e-01, -8.8838e-01,  ...,  2.8994e-01,
              9.9624e-02,  4.2580e-01],
            [-8.0324e-01, -3.1002e-01,  9.7896e-01,  ...,  1.2819e-01,
              8.3952e-01, -6.2031e-01],
            ...,
            [ 3.8957e-01,  9.0044e-01, -7.1406e-01,  ...,  4.7989e-01,
             -3.0900e-01,  8.4795e-01],
            [ 1.7837e-01, -1.4438e-01,  9.5708e-01,  ...,  5.0160e-01,
              3.7331e-01, -9.5661e-01],
            [-1.0680e-01, -4.3037e-01, -7.1603e-01,  ..., -7.2140e-01,
              8.6597e-01,  8.9914e-01]],

           [[-2.7127e-01, -4.3608e-01,  1.6924e-01,  ..., -2.4346e-01,
              4.0039e-01,  3.7322e-01],
            [-1.5974e-01, -7.3790e-01,  6.4195e-01,  ...,  6.7686e-01,
              2.6017e-01, -3.2117e-01],
            [ 2.1164e-01,  5.3922e-01,  1.2037e-01,  ..., -1.6733e-02,
             -8.3492e-01,  2.4334e-01],
            ...,
            [-2.7352e-01,  2.8946e-01, -1.1963e-01,  ..., -3.1795e-01,
              3.7481e-01,  2.4360e-01],
            [-9.6290e-01, -1.1442e-01,  5.3733e-01,  ..., -1.2968e-01,
              1.5527e-01, -1.7427e-01],
            [ 5.8543e-01, -5.6866e-01,  2.6702e-01,  ...,  8.6484e-01,
             -7.6951e-01, -7.1963e-01]],

           [[ 4.7366e-01, -4.7600e-01, -3.7196e-01,  ..., -7.2308e-01,
              9.6794e-01, -3.2467e-01],
            [ 7.7159e-01, -5.9561e-01, -8.3410e-01,  ..., -2.4115e-01,
             -1.9358e-01,  4.3942e-01],
            [ 3.9918e-01,  9.0264e-01,  6.4747e-01,  ..., -8.8951e-01,
             -6.1896e-01, -2.5800e-01],
            ...,
            [ 2.9553e-01,  3.3924e-01, -4.4436e-01,  ..., -3.6508e-01,
             -1.3963e-01,  5.0802e-01],
            [ 8.5709e-01, -3.0117e-01,  8.1628e-01,  ...,  6.0262e-01,
              3.6434e-01,  6.0557e-01],
            [ 6.0334e-01,  7.0480e-01,  8.2875e-01,  ..., -5.2811e-01,
             -4.0555e-01, -5.7380e-03]],

           ...,

           [[ 1.2120e-01,  2.5938e-01,  2.5087e-01,  ..., -2.8010e-01,
             -5.3905e-01, -4.7176e-01],
            [-6.5395e-01, -9.7253e-01,  3.4071e-01,  ...,  5.5920e-01,
              1.0944e-01, -7.6990e-01],
            [ 3.2660e-01,  4.9041e-01,  6.6053e-01,  ..., -7.5568e-01,
             -3.2865e-01,  7.7450e-01],
            ...,
            [-1.6540e-02,  6.5175e-01, -1.4561e-01,  ..., -3.3889e-01,
             -9.2116e-02, -2.3352e-01],
            [-9.7797e-01,  3.8553e-02,  4.5312e-01,  ...,  9.0470e-01,
             -6.3758e-01,  2.6973e-01],
            [-3.2749e-01, -7.3407e-01,  6.7017e-01,  ...,  8.5204e-01,
              5.0443e-01,  9.5116e-01]],

           [[ 7.5326e-01, -2.4682e-01, -5.9889e-02,  ..., -5.3967e-01,
              9.0624e-01,  9.0785e-01],
            [-4.6048e-01,  9.1766e-01, -5.4062e-01,  ..., -8.9277e-01,
              8.6096e-01, -4.7829e-01],
            [-5.9475e-01, -9.4545e-01,  3.7084e-01,  ...,  8.2217e-01,
             -6.0833e-01,  3.5703e-01],
            ...,
            [-1.9899e-01, -4.6237e-01, -8.0210e-01,  ...,  4.5538e-01,
              6.5091e-01,  2.8990e-01],
            [-4.1074e-01,  9.7774e-01, -5.7345e-01,  ..., -1.4144e-01,
             -5.9257e-02, -4.8564e-01],
            [ 7.1345e-01, -7.1350e-01,  8.4072e-01,  ...,  7.5908e-01,
             -9.2030e-01, -2.5780e-02]],

           [[-1.8085e-02, -5.7027e-01,  9.9772e-01,  ..., -1.5981e-01,
              7.9183e-01,  9.9416e-01],
            [ 4.6611e-01, -5.9675e-01,  8.8379e-01,  ...,  6.5115e-02,
              7.9425e-01,  8.2302e-01],
            [-8.2127e-02, -6.9760e-01,  8.6598e-01,  ...,  4.9297e-01,
              7.6203e-01, -3.0139e-01],
            ...,
            [ 1.1297e-01, -7.8910e-01,  5.7346e-01,  ...,  5.3090e-01,
              9.4867e-01, -5.3848e-01],
            [-4.7507e-01, -1.8056e-01, -6.1293e-01,  ..., -1.6956e-01,
             -9.6010e-01, -7.8377e-01],
            [ 1.9115e-01,  8.8387e-01, -4.8743e-01,  ..., -7.9094e-01,
              1.0526e-01,  8.0553e-02]]]],



         [[[[ 8.5473e-01,  8.6979e-01, -1.9500e-01,  ...,  2.0820e-01,
             -8.4888e-01,  1.0499e-02],
            [-5.1535e-01,  6.2183e-01, -5.6334e-01,  ..., -8.3522e-01,
             -1.9138e-01, -5.2152e-01],
            [ 6.2781e-01,  5.5906e-01, -1.1655e+00,  ..., -5.9263e-01,
             -3.4883e-01, -1.2249e+00],
            ...,
            [-2.6014e-01,  1.2485e+00,  9.1133e-01,  ..., -7.7784e-02,
              4.2809e-01, -3.2102e-01],
            [ 1.2889e+00, -3.0339e-01,  5.7912e-01,  ...,  5.8482e-01,
             -9.2877e-01,  2.8560e-01],
            [-8.6592e-01, -2.8476e-01,  1.1226e+00,  ...,  4.1590e-01,
             -9.9031e-01,  5.3982e-01]],

           [[ 2.3337e-01,  1.2385e+00, -1.5741e-01,  ...,  2.0935e-01,
             -9.9190e-01, -1.6290e-01],
            [ 9.3865e-01,  5.8352e-01,  1.0062e+00,  ..., -1.2767e+00,
             -2.1364e-01,  7.8086e-01],
            [-1.0866e+00,  8.4332e-01,  4.9352e-01,  ...,  7.2442e-01,
              1.0216e-01, -9.6159e-01],
            ...,
            [-3.8021e-01,  1.0322e+00, -2.6209e-01,  ...,  1.1296e+00,
              4.3799e-01,  5.9008e-01],
            [ 2.4698e-01,  6.6095e-01,  5.5530e-01,  ...,  5.8291e-01,
             -5.0992e-01,  3.1843e-02],
            [ 2.5854e-02, -6.8484e-01, -4.0925e-01,  ...,  8.3186e-02,
              9.2205e-01,  7.0702e-01]],

           [[-4.9663e-01, -5.8582e-01,  6.2584e-01,  ..., -6.1733e-01,
             -7.2330e-01,  5.3495e-01],
            [ 1.8283e-01, -1.4619e-01, -8.0089e-02,  ..., -9.0956e-01,
             -1.0853e+00,  7.7400e-01],
            [ 1.6715e-01, -7.8235e-01, -9.3300e-01,  ..., -1.5008e-02,
             -6.7481e-01,  2.6821e-01],
            ...,
            [-1.1642e+00, -3.2357e-01,  9.7968e-01,  ...,  8.2186e-01,
             -6.5639e-01, -6.1506e-01],
            [-6.6318e-01,  5.4412e-01, -1.0638e+00,  ...,  7.5348e-01,
              3.4427e-01,  3.5651e-01],
            [ 6.0548e-01,  7.8342e-01,  9.6018e-01,  ...,  8.8805e-01,
             -1.2529e-02,  1.5079e-01]],

           ...,

           [[ 9.0674e-01, -7.2068e-01, -1.8264e-02,  ...,  6.3312e-01,
             -3.0238e-01,  1.2136e+00],
            [ 4.4341e-01,  5.5563e-01,  5.8703e-01,  ..., -9.5402e-02,
              5.5184e-01, -1.8979e-01],
            [-8.7071e-01, -4.1410e-01,  1.4692e-01,  ..., -5.6985e-01,
             -3.4025e-01, -8.9712e-01],
            ...,
            [-1.0504e+00,  2.1518e-02, -4.7442e-01,  ..., -3.1836e-01,
             -6.1631e-01, -9.5386e-01],
            [ 9.3946e-01, -9.0612e-01,  6.2274e-02,  ..., -7.4256e-01,
             -1.9733e-01,  2.3256e-01],
            [-1.1343e+00,  3.5751e-01, -2.4545e-01,  ...,  1.0302e+00,
              7.4080e-01, -1.5002e-01]],

           [[ 3.3035e-01,  4.9433e-01, -4.8180e-01,  ..., -4.2962e-01,
             -7.3030e-01, -5.5371e-01],
            [ 6.4967e-01,  4.1813e-01,  1.0656e+00,  ..., -6.8907e-01,
              6.3819e-01,  4.6133e-01],
            [-9.6685e-01,  9.6723e-02, -1.1253e+00,  ..., -7.0359e-01,
             -4.7723e-01, -9.4271e-01],
            ...,
            [-1.1919e+00,  5.5433e-02, -8.6025e-01,  ...,  6.3782e-01,
             -4.6713e-01,  1.0211e-01],
            [-3.6332e-01, -3.5418e-01, -3.5086e-01,  ...,  1.7527e-01,
              5.0076e-03,  1.4995e-01],
            [-5.2293e-01,  3.5596e-01,  1.1364e+00,  ...,  1.4161e+00,
             -1.3813e+00, -7.0227e-01]],

           [[ 1.0145e+00, -3.1542e-01,  4.8967e-01,  ..., -5.4137e-01,
             -3.3667e-01,  1.3367e+00],
            [ 5.5470e-01,  7.1019e-01,  8.0738e-01,  ..., -9.3451e-01,
              1.9483e-01, -2.4408e-01],
            [ 4.2326e-01,  2.7160e-01, -5.5842e-01,  ...,  6.2768e-01,
             -4.5907e-02, -8.2233e-01],
            ...,
            [-8.4567e-02,  4.1556e-01,  2.0989e-01,  ...,  1.1093e+00,
             -2.3011e-01, -9.0312e-01],
            [-5.0231e-01,  6.7102e-01, -1.0977e-01,  ...,  5.9591e-01,
             -9.6088e-01, -9.6786e-01],
            [ 5.6448e-01, -6.3319e-01,  6.0369e-02,  ..., -5.5253e-01,
             -1.4179e+00, -1.0829e+00]]],


          [[[ 8.1223e-01, -4.5844e-01,  9.8788e-01,  ..., -1.4029e-01,
              6.9898e-01, -4.8270e-01],
            [ 6.1497e-01,  7.3502e-01,  8.8624e-01,  ...,  7.1874e-01,
              3.5254e-01, -5.5465e-01],
            [ 6.3445e-01, -4.6476e-01, -6.9697e-01,  ..., -4.5773e-01,
              1.5348e-01,  5.7703e-01],
            ...,
            [-5.4150e-01, -5.0900e-01, -1.8172e-01,  ...,  3.4447e-01,
              9.8532e-01,  9.6816e-01],
            [-2.1634e-01, -2.0314e-01, -8.7666e-01,  ...,  3.2440e-01,
              5.1968e-01,  2.7101e-01],
            [ 7.8927e-01,  3.6250e-01,  7.9451e-01,  ..., -2.2626e-01,
              2.4119e-01, -8.8075e-01]],

           [[-7.4895e-01,  1.4505e-01, -9.9571e-01,  ...,  1.4334e-01,
              3.9648e-01, -9.2055e-01],
            [-5.2038e-01, -8.9692e-01,  7.7562e-02,  ..., -3.0993e-01,
             -5.7341e-01, -1.7842e-01],
            [-9.1429e-01, -2.9446e-01, -6.9527e-01,  ..., -3.5702e-01,
             -2.7368e-01,  6.9383e-01],
            ...,
            [ 5.0910e-01, -9.1467e-01,  9.0097e-01,  ...,  7.3665e-01,
             -3.9483e-01,  5.0562e-01],
            [ 2.8401e-01,  1.4958e-01,  8.2884e-01,  ..., -5.9299e-01,
             -5.5138e-01, -3.3648e-01],
            [-7.2147e-01, -8.0657e-02,  8.0897e-01,  ..., -4.8443e-01,
             -2.0908e-01,  2.2984e-01]],

           [[-9.1444e-01,  5.6184e-02,  3.0343e-01,  ..., -4.8483e-01,
             -3.0123e-01, -8.6039e-01],
            [-1.1433e-01,  8.4942e-01,  6.2575e-01,  ...,  5.5152e-01,
             -5.8957e-01, -2.6958e-01],
            [ 1.6911e-01,  2.4099e-01,  5.2159e-01,  ...,  4.8794e-02,
              1.1167e-01, -2.4452e-01],
            ...,
            [ 3.0383e-01, -6.1178e-01, -6.7214e-01,  ...,  8.4338e-02,
             -3.0566e-02, -1.7655e-01],
            [-1.7376e-01, -9.3334e-01, -2.5834e-01,  ...,  2.6962e-02,
             -5.6111e-01,  5.8552e-01],
            [ 4.3957e-01,  5.9558e-01,  1.8617e-01,  ..., -7.0251e-01,
             -9.2776e-01, -6.2992e-01]],

           ...,

           [[ 4.1892e-01, -7.4836e-01, -8.5848e-01,  ...,  7.1504e-01,
              4.8952e-01,  1.2810e-01],
            [-3.3309e-01, -4.0155e-01, -6.0711e-01,  ...,  9.5191e-01,
             -5.4424e-02,  4.1727e-01],
            [-2.1012e-02,  1.0200e-01, -7.8383e-01,  ...,  6.5709e-01,
             -3.1853e-02, -1.3552e-01],
            ...,
            [-2.3085e-01, -1.4782e-01, -3.4189e-01,  ..., -4.4892e-01,
              6.6537e-01,  9.2030e-01],
            [ 4.5954e-01,  6.9237e-01, -2.5637e-01,  ..., -7.7116e-01,
              7.7573e-01, -3.0002e-02],
            [-5.1208e-01,  1.0353e-01,  5.3840e-01,  ..., -5.3516e-01,
             -4.3486e-01,  3.4526e-01]],

           [[-2.2648e-01, -1.0197e-01, -3.2704e-01,  ...,  5.9733e-01,
              5.0570e-02, -7.1482e-01],
            [ 9.7025e-02, -9.6780e-01,  6.7914e-01,  ..., -5.1577e-01,
             -9.6224e-02,  2.7457e-01],
            [ 8.5659e-01,  3.2023e-01, -6.3259e-02,  ..., -2.4716e-01,
              8.6611e-01,  6.8428e-01],
            ...,
            [ 1.2895e-01,  9.3288e-01,  4.4923e-01,  ...,  1.5049e-02,
              2.8939e-01,  8.8700e-01],
            [-8.5839e-01,  9.3550e-01,  1.7292e-01,  ...,  5.2710e-01,
             -9.1117e-01, -6.0308e-01],
            [ 3.2372e-01,  7.9518e-01, -4.7549e-01,  ..., -5.0286e-02,
              1.6973e-01, -9.6164e-01]],

           [[ 7.4068e-01, -7.4309e-01,  7.3660e-01,  ..., -3.6436e-01,
              8.8613e-01, -6.0255e-01],
            [ 7.2841e-01, -4.4322e-01, -2.8124e-01,  ...,  8.9353e-01,
             -2.3226e-01,  6.1458e-02],
            [ 9.5342e-01,  8.3860e-02, -5.4460e-01,  ...,  6.6788e-01,
             -7.7300e-01, -6.2160e-01],
            ...,
            [-3.4910e-02, -2.1006e-01,  2.5830e-02,  ...,  1.3120e-01,
              4.0158e-01,  4.0383e-01],
            [ 2.4535e-01, -3.6127e-01,  1.5738e-01,  ...,  4.3340e-01,
             -8.8604e-01,  6.7625e-01],
            [ 7.7750e-01, -6.8159e-01,  1.5380e-01,  ...,  7.9264e-01,
             -3.2699e-01, -6.3609e-01]]],


          [[[ 1.1879e-01, -1.3816e-01, -7.3551e-01,  ..., -5.7179e-01,
              4.4326e-01,  2.1931e-01],
            [ 7.7173e-01,  1.4818e-01,  8.2779e-02,  ..., -9.2555e-01,
             -4.8864e-01,  3.4871e-01],
            [ 2.7948e-01,  6.8061e-01, -9.3401e-01,  ...,  9.5213e-02,
              2.0226e-01, -4.3268e-01],
            ...,
            [ 3.5625e-01,  2.4250e-01, -2.3858e-01,  ..., -6.3142e-01,
             -1.1399e-02, -5.5590e-01],
            [ 4.6597e-02,  8.1433e-01, -1.8198e-01,  ..., -5.6584e-01,
              1.7564e-01,  2.3471e-01],
            [ 8.7193e-01,  4.6863e-01,  2.0461e-01,  ...,  6.0678e-01,
             -7.1388e-02,  1.2220e-01]],

           [[-7.9650e-01, -2.0609e-01, -1.0572e-01,  ...,  5.9138e-01,
             -8.3039e-01, -6.4454e-01],
            [-2.3793e-01,  3.8048e-01,  3.8115e-01,  ...,  4.4018e-01,
              4.7014e-01, -3.2058e-01],
            [ 6.9808e-01,  7.1531e-01, -9.4427e-01,  ..., -1.4541e-01,
              8.1692e-02, -8.6455e-01],
            ...,
            [-6.6935e-01,  5.1537e-01, -6.1315e-02,  ..., -2.8543e-01,
              2.4016e-01, -3.5086e-01],
            [-8.9779e-01, -3.5263e-01, -1.4126e-01,  ...,  7.4672e-01,
             -5.6840e-01,  2.9016e-01],
            [-3.2492e-01, -8.6315e-01, -7.6418e-01,  ..., -9.6529e-01,
             -9.3052e-01,  8.2649e-01]],

           [[ 2.7115e-01, -5.7785e-01, -4.3970e-01,  ...,  5.5505e-01,
              8.8208e-01, -1.2230e-01],
            [-5.2461e-01, -8.5984e-01, -3.5384e-01,  ...,  1.6934e-01,
              6.3322e-01, -6.1027e-01],
            [-4.8619e-01, -8.3604e-01, -4.5918e-01,  ...,  9.2252e-01,
              1.9206e-01,  5.3646e-01],
            ...,
            [ 4.0183e-01,  4.9037e-01, -4.4564e-01,  ..., -2.1953e-01,
             -1.0685e-01, -3.9941e-01],
            [ 7.6235e-01, -9.1655e-01,  7.5512e-01,  ..., -5.4512e-01,
              5.7616e-01,  3.4874e-02],
            [-5.0367e-01,  4.3298e-01, -6.1025e-02,  ...,  6.1008e-01,
             -6.3516e-01,  4.2971e-01]],

           ...,

           [[-2.4586e-01,  8.7152e-02, -8.5219e-01,  ..., -9.4399e-01,
             -3.8663e-01, -3.7064e-01],
            [-5.5559e-01, -2.4844e-02, -4.4172e-01,  ..., -3.0612e-01,
              1.0643e-01,  8.7284e-01],
            [-2.4897e-01,  3.2719e-02, -6.7031e-01,  ...,  4.6990e-01,
              8.8211e-01,  1.1660e-01],
            ...,
            [ 7.2113e-01,  3.0044e-01, -2.1787e-01,  ..., -2.1228e-02,
              8.1053e-01, -5.9025e-01],
            [-8.9863e-02,  6.0090e-01,  4.7881e-01,  ..., -6.3820e-01,
              8.9846e-01,  3.3150e-01],
            [ 4.6876e-02,  4.9165e-01,  1.5408e-01,  ..., -8.3063e-01,
              9.6870e-01,  9.6724e-01]],

           [[-7.6066e-01, -7.6608e-01, -4.1583e-01,  ...,  3.5905e-01,
              5.0876e-01, -6.8930e-01],
            [-4.2539e-01, -4.5877e-02, -7.2542e-01,  ..., -6.3404e-01,
             -3.5625e-02, -9.9114e-01],
            [-9.2804e-01, -2.9224e-01, -9.3095e-01,  ..., -2.5375e-01,
             -7.3565e-01, -1.3667e-01],
            ...,
            [ 4.5719e-01, -7.3458e-02,  3.9641e-01,  ..., -4.4423e-02,
              2.8875e-01,  6.3451e-01],
            [ 2.0603e-01, -7.4099e-01,  1.6816e-01,  ..., -8.4713e-02,
              8.2898e-01,  9.6349e-02],
            [ 7.1467e-01,  8.8105e-01,  4.4108e-01,  ...,  1.0977e-02,
             -8.5264e-01, -5.1429e-01]],

           [[ 5.7441e-01, -5.8322e-01,  3.7057e-01,  ...,  6.0911e-01,
              2.8746e-01,  2.4488e-01],
            [-9.4048e-01, -5.2754e-01, -7.4553e-01,  ..., -7.6998e-02,
             -9.0218e-01,  3.0703e-01],
            [ 8.7985e-01, -1.0787e-01,  9.8333e-01,  ..., -1.5785e-01,
             -7.2147e-01,  7.7879e-01],
            ...,
            [ 3.1814e-01,  9.2115e-01,  4.7514e-01,  ..., -5.8451e-01,
             -4.2895e-02,  3.7043e-01],
            [-4.6943e-01, -9.3241e-01,  5.9351e-01,  ...,  1.4894e-01,
             -4.9296e-01, -5.5341e-01],
            [-1.7026e-01, -6.3849e-01,  4.4464e-01,  ..., -7.7959e-01,
              4.3119e-01, -1.5776e-01]]],


          ...,


          [[[ 3.2391e-01,  4.3941e-01,  9.8332e-01,  ..., -6.7307e-01,
             -9.9304e-01,  9.9166e-01],
            [-6.5976e-01, -8.2938e-01,  9.3416e-01,  ..., -8.6093e-01,
             -3.6253e-01,  1.2626e-01],
            [ 1.3055e-01,  5.6334e-02, -8.3872e-01,  ...,  7.5572e-01,
              9.7449e-01,  6.9749e-01],
            ...,
            [ 1.3173e-01, -4.2186e-01,  3.5962e-01,  ...,  5.6194e-01,
             -6.3248e-01, -8.9712e-01],
            [-6.3337e-01,  4.0485e-01, -3.7710e-01,  ...,  9.0712e-01,
             -5.0953e-01, -2.2745e-01],
            [ 5.6097e-01,  5.0061e-01, -4.8369e-01,  ...,  7.3337e-01,
             -4.9926e-01, -8.0429e-01]],

           [[ 6.8249e-01,  8.5998e-01, -8.3767e-01,  ..., -7.2028e-01,
             -2.6472e-01,  3.9991e-01],
            [ 3.8545e-01, -5.4321e-01, -2.5258e-01,  ...,  9.2727e-01,
              3.5013e-01,  7.7741e-01],
            [ 3.3214e-01,  2.0245e-02,  3.7571e-01,  ...,  3.1937e-01,
              7.0632e-01,  3.4873e-01],
            ...,
            [-3.7327e-01, -7.3138e-01,  4.7059e-01,  ..., -3.3271e-01,
             -8.2175e-02, -9.3927e-01],
            [-4.9481e-01,  7.8099e-01,  6.0475e-01,  ...,  2.1303e-01,
             -2.8936e-01,  8.1681e-01],
            [-6.0313e-01,  1.8816e-01, -5.4475e-01,  ..., -7.1151e-01,
              6.2088e-01, -3.8650e-01]],

           [[-9.0427e-01,  4.8770e-01,  6.5672e-01,  ...,  8.7401e-01,
              8.5596e-01, -8.2224e-01],
            [-4.0782e-01, -9.4623e-01, -3.5099e-01,  ..., -3.0547e-01,
              3.6666e-01, -2.2445e-01],
            [ 3.6854e-01,  1.9547e-01, -4.1025e-01,  ...,  4.7539e-01,
             -2.2680e-01, -6.1590e-01],
            ...,
            [-5.6800e-02,  8.8701e-01, -6.6881e-01,  ..., -3.3907e-01,
              2.3889e-01, -5.0315e-01],
            [ 9.8285e-01, -2.8951e-01, -2.7547e-01,  ...,  8.2625e-02,
             -5.3179e-01,  7.9185e-01],
            [ 7.6955e-01,  5.6119e-01,  9.3282e-01,  ...,  9.5252e-01,
             -4.4293e-01, -4.9455e-03]],

           ...,

           [[ 5.9122e-01, -3.6430e-01, -4.2042e-01,  ..., -3.5838e-01,
             -9.2436e-01, -9.7531e-01],
            [ 4.3834e-01, -9.1280e-01,  3.6340e-01,  ...,  5.8505e-01,
              5.8518e-01,  3.5937e-01],
            [ 1.2056e-01, -7.1800e-01, -8.9313e-02,  ..., -7.9673e-01,
              4.0141e-02,  9.1092e-02],
            ...,
            [-8.3029e-01,  4.9629e-02,  2.5954e-01,  ..., -9.8389e-01,
              9.1903e-01, -4.0999e-01],
            [-3.4171e-01, -5.2641e-01,  3.5272e-01,  ..., -4.5159e-01,
              8.4421e-01,  4.5631e-02],
            [-2.6637e-01, -7.6484e-01,  3.4536e-01,  ...,  4.6492e-01,
             -3.8455e-01,  2.7385e-01]],

           [[-5.7913e-01, -5.0690e-01,  1.2964e-01,  ...,  3.3514e-01,
             -3.5652e-01,  7.8328e-01],
            [-3.8206e-01,  2.2230e-01,  4.2593e-01,  ...,  2.8538e-01,
              4.8500e-01,  6.3583e-01],
            [-2.8892e-02,  2.8885e-01, -4.3305e-01,  ..., -3.5852e-02,
             -8.2819e-01,  6.0335e-01],
            ...,
            [-7.0960e-01, -2.6366e-01, -2.6549e-01,  ...,  6.6229e-02,
             -3.8006e-02, -7.9934e-01],
            [-1.5688e-01,  4.5191e-01, -4.6677e-01,  ..., -9.2866e-01,
             -4.0219e-01, -6.1012e-01],
            [-9.8608e-01,  1.9172e-01, -3.3299e-01,  ..., -5.6220e-01,
             -4.0678e-02,  2.1371e-01]],

           [[-3.1513e-03,  9.8922e-02,  4.9030e-01,  ..., -4.0638e-01,
              5.6450e-01, -2.3263e-01],
            [-1.7826e-02, -3.3584e-01,  3.3532e-02,  ...,  3.4280e-02,
             -6.8953e-01,  5.5102e-02],
            [-7.9470e-01, -8.5624e-02, -7.4976e-01,  ...,  9.1363e-01,
              9.2636e-01, -8.5652e-01],
            ...,
            [ 9.4931e-01, -8.1970e-01,  4.5149e-01,  ...,  5.0841e-01,
              7.0445e-01,  3.1558e-01],
            [-4.8213e-01, -2.1886e-01,  5.1328e-02,  ..., -1.1684e-01,
             -2.3929e-01, -9.3153e-01],
            [ 7.3128e-01,  9.0997e-02,  4.2608e-01,  ..., -7.5004e-01,
              9.5335e-01,  9.6589e-01]]],


          [[[-9.5989e-01,  5.4811e-01, -8.8666e-01,  ...,  3.9652e-01,
              9.8162e-01,  6.3078e-01],
            [ 8.2449e-01, -2.7064e-01,  8.1407e-02,  ..., -5.3491e-01,
              9.4608e-01, -7.2603e-03],
            [-5.1558e-01, -7.4579e-01,  8.9357e-01,  ...,  7.3399e-01,
              1.5123e-01, -5.9655e-01],
            ...,
            [ 1.0635e-01, -5.2459e-01, -1.9776e-01,  ..., -6.7906e-02,
              2.7886e-01, -7.5785e-01],
            [-1.4892e-01,  8.7491e-01,  5.5286e-01,  ..., -6.2738e-01,
             -5.1503e-01, -1.7006e-01],
            [ 9.8273e-01, -5.7653e-01,  4.9219e-01,  ...,  5.4611e-01,
             -7.3108e-02,  4.5741e-02]],

           [[ 2.6163e-01, -9.2050e-03, -4.7674e-01,  ..., -4.0095e-01,
              8.4642e-01,  3.2305e-01],
            [ 1.6323e-01,  2.4965e-01, -3.9963e-01,  ..., -8.7814e-01,
              2.1175e-01, -9.5796e-01],
            [ 3.0928e-01, -9.3028e-01, -3.0076e-01,  ..., -9.9128e-01,
             -6.2172e-01, -3.6419e-01],
            ...,
            [-5.0613e-01,  1.6109e-01,  5.2439e-01,  ..., -3.0286e-01,
              2.2123e-01,  7.6273e-01],
            [ 4.4056e-01, -1.4438e-01, -9.1768e-01,  ..., -5.5702e-01,
             -2.8019e-01, -6.5334e-01],
            [-7.2675e-01, -9.1222e-01, -6.7791e-01,  ...,  7.3403e-01,
             -9.9960e-01,  1.7107e-01]],

           [[ 7.3084e-01,  8.2324e-01, -8.4153e-02,  ...,  3.7304e-01,
              3.3089e-01,  7.5964e-02],
            [-8.8798e-01,  2.3162e-01,  9.8687e-01,  ...,  6.8726e-01,
              8.5204e-01,  3.6976e-01],
            [-1.0044e-01, -8.4463e-01,  8.1020e-01,  ...,  6.3908e-01,
              6.1669e-01,  8.3599e-01],
            ...,
            [ 2.3959e-01,  8.1472e-01, -3.1742e-01,  ...,  8.8814e-02,
             -2.9649e-01, -1.1192e-01],
            [ 9.4545e-01, -3.2071e-01, -2.3364e-01,  ..., -3.0710e-02,
              8.4576e-02, -2.1728e-01],
            [-5.2337e-01,  2.6227e-01,  5.1218e-01,  ...,  1.3134e-01,
             -5.6711e-01, -5.4269e-01]],

           ...,

           [[ 5.0675e-01, -8.4639e-01,  4.3694e-02,  ..., -4.1754e-01,
              3.0166e-01,  9.9248e-01],
            [-9.2603e-01,  8.4632e-01, -3.8123e-01,  ..., -6.2090e-02,
             -8.6634e-01,  6.8085e-01],
            [-1.2015e-01, -2.7706e-01, -9.9866e-01,  ..., -4.0160e-01,
              7.9958e-01, -3.2352e-01],
            ...,
            [-6.7474e-02, -7.1741e-01, -1.9008e-01,  ..., -1.1800e-01,
             -6.5043e-01, -4.7023e-02],
            [ 9.2074e-01, -1.1973e-01, -7.8820e-01,  ..., -6.0239e-01,
              1.5940e-01, -6.9296e-01],
            [ 6.0702e-01,  5.2714e-01, -8.5631e-01,  ..., -8.7798e-01,
             -9.0767e-01,  7.4579e-01]],

           [[-6.8311e-01,  7.2653e-01,  4.4901e-02,  ..., -6.1355e-01,
              3.6420e-01, -4.7974e-01],
            [-3.1632e-01, -3.7154e-01, -1.2351e-02,  ..., -1.6894e-01,
             -3.7339e-01, -7.8473e-01],
            [ 6.6384e-01,  7.1787e-01,  8.6786e-01,  ...,  6.8207e-01,
             -6.4578e-01,  5.6336e-02],
            ...,
            [ 9.5416e-01, -4.1846e-01,  4.5566e-01,  ..., -5.8449e-02,
              5.0568e-01,  4.0276e-01],
            [ 3.1694e-01,  9.8063e-01, -8.3721e-01,  ...,  5.2347e-01,
              3.0692e-01,  3.1472e-01],
            [ 3.0956e-01,  2.6559e-01,  9.4540e-01,  ...,  2.9447e-01,
              3.4496e-01,  2.7425e-01]],

           [[-3.1259e-01, -4.5355e-01, -3.8921e-01,  ...,  5.9309e-01,
              7.3162e-02,  3.3248e-01],
            [-6.7420e-01,  8.3605e-02,  1.0248e-01,  ..., -3.9393e-01,
              1.6909e-01, -7.2014e-01],
            [-9.2973e-01,  6.5718e-01,  3.5172e-02,  ...,  4.6355e-01,
             -6.8031e-01,  6.4119e-01],
            ...,
            [-8.4440e-02,  5.8357e-02,  5.4125e-01,  ..., -3.0011e-02,
              8.4516e-01, -2.0411e-01],
            [ 1.2669e-01,  7.8822e-01, -4.0817e-01,  ..., -9.6256e-01,
              8.7415e-01, -7.1385e-01],
            [-7.0062e-02, -9.9863e-01,  7.1795e-01,  ...,  5.7385e-01,
             -8.0229e-01,  3.4889e-01]]],


          [[[ 7.8667e-01, -6.8303e-01, -6.5959e-01,  ...,  7.1436e-01,
              1.7988e-01, -1.0936e-01],
            [-7.1537e-01, -6.4433e-01,  3.7985e-01,  ..., -3.6771e-01,
             -8.8819e-01, -7.9383e-01],
            [ 5.8650e-02, -2.3739e-01, -5.4847e-01,  ...,  6.4952e-01,
              5.1322e-01, -5.9871e-01],
            ...,
            [ 3.9101e-01, -1.7112e-01, -5.6716e-01,  ...,  5.1886e-01,
              8.5032e-01,  1.5238e-01],
            [ 5.0296e-01,  1.7121e-01,  7.9181e-01,  ...,  8.6641e-01,
             -9.9314e-01,  6.8850e-01],
            [ 8.7425e-01,  6.6982e-01,  5.8798e-01,  ...,  2.7726e-01,
              4.7382e-01,  8.3351e-02]],

           [[ 3.2311e-02,  6.5491e-01,  3.5025e-01,  ..., -3.8837e-02,
              8.1513e-01, -9.1525e-01],
            [-8.2968e-02,  1.3845e-01, -2.6844e-01,  ..., -7.5684e-01,
              5.8554e-01, -3.8862e-01],
            [ 4.5037e-01,  4.7302e-02,  1.3806e-01,  ...,  6.2663e-01,
             -3.2817e-02, -8.3254e-01],
            ...,
            [ 3.4216e-01, -4.2428e-01, -6.5112e-01,  ...,  4.9863e-01,
              9.0623e-01, -4.4973e-01],
            [-1.2444e-01, -3.0951e-01, -8.0892e-02,  ..., -6.2772e-01,
              2.0464e-01, -3.3461e-01],
            [ 5.7852e-02, -9.1025e-01, -9.7879e-01,  ..., -1.8642e-01,
             -8.0509e-02,  4.6313e-02]],

           [[-4.0111e-01,  5.2683e-01, -4.2205e-01,  ..., -4.9564e-01,
             -1.5519e-01, -1.6683e-01],
            [ 2.5492e-01,  7.7097e-01, -3.5658e-01,  ...,  5.1170e-01,
             -4.3333e-01,  9.3770e-01],
            [ 7.9633e-01,  5.9934e-01, -3.2890e-02,  ..., -4.8636e-01,
              9.4402e-01,  6.2794e-01],
            ...,
            [-3.6846e-01,  8.7099e-02, -3.1719e-01,  ...,  4.3360e-01,
              4.4154e-01, -6.1102e-01],
            [-8.5028e-01, -3.4182e-01, -6.7758e-01,  ...,  3.6348e-01,
              1.5368e-01,  6.1651e-01],
            [-8.0629e-01, -7.5059e-03, -3.0134e-01,  ...,  1.8208e-01,
              3.9546e-01, -1.9350e-01]],

           ...,

           [[-6.6500e-01,  4.7444e-01,  7.5572e-01,  ..., -6.9000e-02,
              1.2843e-01, -1.2766e-02],
            [-1.2817e-01,  1.5189e-01,  2.4834e-01,  ...,  1.3069e-01,
             -6.4760e-01, -6.4728e-01],
            [ 6.4389e-02, -7.4757e-01,  3.6814e-01,  ..., -1.0371e-01,
             -2.4666e-01,  9.9434e-01],
            ...,
            [-5.5962e-01, -9.9270e-01,  9.5096e-01,  ...,  5.3302e-01,
             -1.3208e-01,  6.4347e-01],
            [ 1.8629e-01,  3.1208e-01,  1.9807e-01,  ..., -8.9024e-01,
             -4.7181e-01, -1.2071e-01],
            [ 3.1115e-01,  6.9104e-01, -5.1118e-01,  ...,  3.9528e-01,
              6.9374e-01, -6.5266e-01]],

           [[ 3.3586e-01,  9.8952e-01, -9.9595e-01,  ...,  3.7494e-01,
              4.9456e-01,  6.3371e-01],
            [ 9.3653e-01,  5.1345e-01,  9.1862e-01,  ..., -1.9819e-01,
             -4.3615e-01, -4.8520e-01],
            [-2.9300e-01,  5.1742e-01,  4.9890e-01,  ...,  9.8556e-01,
             -6.9544e-01, -3.0713e-01],
            ...,
            [ 7.7550e-01, -8.7084e-02,  6.1649e-01,  ..., -3.0905e-01,
             -9.4572e-01,  9.1060e-01],
            [-7.3289e-01, -2.6477e-01, -2.5630e-01,  ..., -9.8726e-01,
             -2.2479e-01,  7.2239e-01],
            [-6.8570e-01,  4.9672e-01,  8.3153e-01,  ..., -2.3293e-01,
             -5.0243e-01, -8.9135e-02]],

           [[-5.9833e-01,  3.8920e-01, -3.0254e-01,  ..., -5.8943e-01,
             -3.7795e-01, -8.6633e-01],
            [ 6.9526e-01, -1.3974e-01, -6.2860e-01,  ...,  3.2547e-01,
              7.2976e-01,  7.6636e-01],
            [-3.2823e-01, -4.2108e-02,  2.6523e-01,  ..., -5.7755e-01,
              1.1413e-01,  7.6706e-01],
            ...,
            [-6.9739e-01, -3.5622e-01,  6.3950e-01,  ...,  6.7643e-01,
             -3.4204e-01, -9.2351e-01],
            [-7.6278e-01, -5.9207e-01,  4.0991e-01,  ...,  5.3370e-04,
             -1.9330e-01,  6.9735e-01],
            [ 3.3999e-01, -9.1084e-01, -8.0067e-01,  ..., -7.0747e-01,
              7.3645e-01, -9.2343e-01]]]]],




        [[[[[ 1.0283e-01,  7.5622e-01, -9.1968e-01,  ...,  9.3764e-01,
             -4.6384e-01,  1.3363e-01],
            [ 5.5896e-01,  8.5888e-01, -3.6846e-01,  ...,  6.8572e-01,
              4.6472e-01,  6.9778e-02],
            [-9.1522e-01, -1.5914e-01,  7.0176e-01,  ...,  9.9527e-01,
              3.4244e-01, -1.8998e-01],
            ...,
            [ 6.0886e-01, -7.2657e-01, -8.3538e-01,  ..., -7.6171e-01,
             -4.7416e-01, -9.8911e-01],
            [-7.9575e-01, -4.1626e-01,  1.3704e-02,  ...,  3.7444e-01,
             -4.8498e-01,  4.4468e-01],
            [-7.8687e-01, -6.7716e-01,  2.5722e-02,  ..., -3.7622e-01,
              8.4585e-01,  6.6676e-02]],

           [[ 3.4912e-01,  9.8139e-01, -2.4605e-01,  ..., -1.5085e-01,
             -1.5113e-01, -6.1719e-01],
            [-8.0713e-01, -2.2497e-01,  2.2843e-01,  ..., -2.0430e-01,
             -8.4490e-01, -9.2674e-01],
            [ 4.3528e-01,  2.3015e-01, -4.8419e-01,  ..., -2.8738e-01,
              4.3572e-02,  2.9222e-01],
            ...,
            [-9.1691e-01,  8.2586e-01,  1.9120e-01,  ...,  6.7674e-01,
              5.9812e-01, -1.0155e-01],
            [ 1.3077e-02, -8.3948e-01, -6.4610e-01,  ..., -2.0246e-01,
              5.1577e-01,  2.3383e-01],
            [ 5.1108e-01,  9.7644e-01,  3.5476e-01,  ..., -4.4965e-01,
              3.2072e-01, -8.1559e-02]],

           [[ 5.5217e-01,  2.2325e-02, -3.8931e-01,  ..., -9.3715e-01,
             -2.7801e-01,  7.4746e-02],
            [-3.3285e-01, -3.9770e-01, -9.1325e-01,  ..., -2.2787e-01,
              6.9686e-01,  4.7313e-01],
            [-1.1503e-01,  6.0667e-01,  8.4137e-02,  ...,  9.9113e-01,
             -1.2515e-01,  3.5566e-01],
            ...,
            [ 3.6605e-01, -8.8959e-02,  3.6890e-01,  ..., -6.8405e-01,
             -7.8277e-01, -2.5009e-01],
            [ 9.5254e-01, -7.1187e-01, -5.6168e-01,  ...,  2.5512e-01,
             -4.8559e-01, -9.6592e-01],
            [-6.5900e-01,  7.3543e-01,  2.4272e-01,  ...,  4.9628e-01,
              5.3011e-01,  3.4528e-01]],

           ...,

           [[-5.2747e-01,  5.7798e-01,  7.6554e-01,  ...,  9.7467e-01,
             -1.2852e-01, -8.2336e-01],
            [-6.6202e-01,  2.3530e-01,  4.1951e-01,  ..., -6.9133e-01,
             -3.8817e-01, -1.4286e-01],
            [ 5.6223e-02, -8.5992e-01,  8.8723e-01,  ..., -2.0880e-03,
             -9.6770e-01,  8.7525e-01],
            ...,
            [-3.1087e-01, -9.7051e-01,  2.7011e-01,  ...,  5.0326e-01,
             -9.4623e-01, -7.3162e-01],
            [-5.1245e-01, -1.9791e-01, -7.1563e-01,  ...,  9.2315e-01,
              6.0984e-01,  2.4030e-01],
            [ 1.9595e-01, -4.2145e-02,  3.9431e-01,  ...,  8.6187e-01,
             -4.4060e-01, -1.2713e-01]],

           [[ 3.5881e-01, -2.0737e-01, -8.8439e-01,  ..., -1.8418e-02,
             -9.9648e-01,  6.8229e-01],
            [ 6.8733e-01, -2.9760e-01, -4.3266e-01,  ...,  8.1045e-01,
              3.3134e-01, -6.6471e-01],
            [-6.3459e-01,  2.9664e-01, -2.6578e-01,  ...,  1.0653e-01,
             -3.9204e-01,  4.2270e-01],
            ...,
            [ 8.9347e-01, -3.5545e-01, -5.7467e-01,  ..., -4.9486e-01,
              2.6950e-01, -4.6768e-01],
            [-3.2085e-01, -9.2737e-01, -8.9636e-01,  ..., -9.1964e-01,
              5.0866e-01,  6.6657e-01],
            [ 5.4067e-01,  3.4165e-01,  8.2558e-03,  ..., -6.5890e-01,
              8.4443e-02, -6.9126e-01]],

           [[ 6.6548e-01,  9.4050e-01,  7.6018e-01,  ...,  6.9158e-01,
              9.5270e-01,  8.4492e-01],
            [ 6.8252e-01,  3.4369e-01, -2.6199e-01,  ..., -9.9664e-01,
             -5.0912e-01, -5.9943e-01],
            [ 6.5729e-01,  8.8093e-01, -7.8897e-01,  ..., -8.6827e-01,
              7.6790e-01, -4.2684e-01],
            ...,
            [-3.0556e-01, -1.9448e-01, -2.6690e-02,  ..., -9.7654e-01,
              1.2892e-01,  9.6597e-01],
            [-1.2990e-02, -5.8229e-01,  5.4462e-01,  ..., -4.4279e-01,
             -7.9753e-01, -2.0923e-02],
            [ 8.5997e-01, -4.8831e-01,  5.2452e-01,  ..., -4.0825e-01,
             -7.2793e-01,  1.1518e-01]]],


          [[[ 7.0822e-01,  4.2802e-02,  7.4107e-01,  ...,  6.8350e-01,
              9.2790e-01, -5.8968e-01],
            [ 3.7070e-01,  3.6047e-01, -5.6777e-01,  ..., -2.9079e-01,
             -1.3345e-01, -5.9068e-01],
            [ 9.1738e-01,  9.9993e-01,  6.7620e-01,  ...,  6.8554e-01,
             -5.6698e-01, -2.5118e-01],
            ...,
            [ 9.9723e-01, -3.1568e-01, -4.4652e-01,  ...,  9.8542e-01,
             -1.9840e-01, -1.9663e-01],
            [ 4.2901e-01, -5.6450e-01,  9.5485e-01,  ..., -3.8717e-01,
              8.7369e-01,  7.9322e-01],
            [-6.2794e-01, -3.6891e-01, -5.3250e-01,  ...,  9.9776e-01,
              1.4420e-01,  3.0087e-01]],

           [[-7.2191e-01,  6.6582e-01,  4.3412e-01,  ...,  1.6009e-01,
              3.8911e-01,  5.6688e-01],
            [-4.7596e-01, -1.3473e-01,  2.1567e-02,  ...,  1.6127e-01,
             -7.7468e-01,  8.6235e-01],
            [ 8.6007e-01, -3.7001e-01,  1.2174e-01,  ...,  1.9939e-01,
              4.3327e-01, -7.5598e-01],
            ...,
            [-1.5180e-01,  7.4140e-01, -7.5474e-03,  ...,  3.6768e-01,
             -5.4650e-01,  8.1978e-01],
            [-3.8696e-02, -7.3845e-01, -6.2902e-01,  ...,  1.2037e-01,
             -9.8215e-01,  3.2829e-01],
            [-9.7800e-01,  3.7655e-01,  8.2460e-01,  ..., -4.8632e-01,
             -1.5351e-01,  4.7247e-02]],

           [[ 9.8709e-01,  2.2120e-01, -5.9195e-03,  ...,  4.8342e-01,
              1.5294e-02,  6.0915e-02],
            [ 2.2490e-02, -4.2987e-01,  5.4900e-01,  ...,  8.2156e-01,
              3.8332e-02,  6.6805e-01],
            [-6.5911e-01, -4.2038e-01,  5.7327e-01,  ..., -2.5677e-01,
              6.1798e-01,  2.6686e-01],
            ...,
            [-7.8515e-01,  8.6138e-01, -2.7518e-01,  ..., -1.2122e-01,
              9.5869e-01,  4.0759e-01],
            [ 9.9844e-01,  4.9609e-01, -7.8066e-02,  ...,  8.5621e-01,
             -4.8440e-01, -7.5283e-01],
            [ 5.0949e-01, -5.5839e-01, -3.7662e-01,  ...,  2.5051e-01,
              1.7342e-01,  4.1546e-01]],

           ...,

           [[-9.2787e-01, -2.3100e-01, -9.2898e-01,  ...,  1.9409e-02,
             -9.6132e-01, -2.7128e-02],
            [-9.7078e-01, -9.1815e-01,  8.6840e-01,  ..., -3.7718e-01,
              7.1261e-02, -4.5296e-01],
            [-3.6094e-01, -1.1811e-01, -6.8501e-02,  ...,  6.5584e-01,
             -7.8047e-01, -4.1491e-01],
            ...,
            [-8.0087e-01, -1.4731e-01,  6.5516e-02,  ..., -7.4753e-01,
              4.7888e-01,  5.5879e-01],
            [-5.6875e-01,  9.1070e-01,  8.5006e-01,  ...,  5.7611e-01,
             -3.0283e-01,  9.2279e-01],
            [-6.3011e-01,  7.3319e-01, -3.1388e-01,  ..., -1.4523e-02,
              2.4658e-02,  2.6125e-01]],

           [[ 1.5767e-01, -9.1483e-01,  3.4937e-01,  ...,  6.5407e-02,
             -7.5482e-01,  1.2416e-02],
            [ 1.6030e-01,  9.6602e-01, -7.7239e-01,  ...,  9.3246e-01,
              2.1440e-02,  4.9555e-01],
            [ 8.4568e-01, -5.5848e-01, -9.5160e-01,  ..., -4.5769e-01,
             -8.9630e-01,  4.1572e-02],
            ...,
            [ 9.3977e-01, -1.0491e-01,  8.7831e-01,  ..., -6.3291e-01,
              9.2284e-01, -8.0088e-01],
            [-6.7379e-01,  3.7272e-01,  8.1138e-01,  ...,  4.6094e-01,
             -7.8053e-01, -5.4952e-01],
            [-8.4687e-01,  6.5252e-01,  6.9398e-01,  ...,  8.6296e-01,
             -2.3587e-01,  8.2842e-01]],

           [[ 4.3418e-01,  2.4030e-01,  5.0255e-01,  ..., -8.5255e-01,
             -3.5676e-02, -8.5892e-01],
            [ 1.5553e-01, -2.3511e-01, -1.5706e-01,  ...,  7.9017e-01,
             -6.2324e-01,  1.0028e-01],
            [ 1.8691e-01,  8.4616e-01,  7.4548e-01,  ...,  6.2301e-01,
             -5.6584e-01,  2.5375e-01],
            ...,
            [-1.5534e-02,  5.6123e-01,  1.1197e-01,  ..., -3.0553e-01,
             -8.2124e-01,  1.2210e-01],
            [-1.8462e-01, -2.1805e-01, -2.3506e-01,  ...,  6.6175e-01,
             -7.1750e-01,  8.5730e-01],
            [ 3.0719e-01, -9.0534e-01, -8.0182e-01,  ..., -8.6309e-01,
              5.8303e-01, -9.7614e-02]]],


          [[[ 2.6293e-01,  2.9838e-01, -5.0056e-01,  ...,  7.1554e-01,
             -2.7082e-01,  6.7121e-02],
            [-9.3478e-01,  6.0797e-01, -9.6135e-01,  ..., -6.7528e-01,
              9.4391e-01, -4.1804e-01],
            [-6.2322e-01, -4.3347e-01, -7.8381e-01,  ...,  1.8617e-01,
              2.1470e-01,  9.4855e-01],
            ...,
            [ 8.7657e-01,  9.3063e-01,  8.6227e-01,  ...,  2.4193e-01,
             -9.7486e-01,  3.0727e-01],
            [ 8.9420e-01, -4.3560e-01,  6.3423e-01,  ..., -1.1014e-02,
              7.7090e-01, -4.9684e-01],
            [ 4.5996e-01, -2.6825e-01, -2.9015e-01,  ..., -9.0405e-01,
             -9.8463e-03, -7.3812e-01]],

           [[ 5.2767e-01,  6.7245e-01,  9.4183e-01,  ..., -9.4488e-01,
              2.7086e-01,  2.9245e-01],
            [-8.3021e-01,  9.2191e-01, -3.0981e-01,  ..., -8.3806e-01,
              5.5304e-01, -7.2953e-01],
            [-1.2604e-01, -3.1415e-01,  9.2099e-01,  ...,  3.2144e-01,
              9.0863e-01,  6.5103e-01],
            ...,
            [-9.5925e-01,  8.3899e-01,  5.5046e-01,  ...,  2.0214e-01,
              9.5268e-01, -4.7151e-01],
            [-9.4669e-02,  8.9970e-01, -8.9194e-01,  ...,  7.5133e-01,
              3.9585e-01,  7.3856e-01],
            [-2.0493e-02, -4.7167e-01,  4.4358e-01,  ...,  8.3230e-01,
             -8.0568e-01, -1.2399e-02]],

           [[ 1.8525e-01, -6.4213e-01, -4.8173e-01,  ..., -6.9965e-01,
             -5.0543e-01, -9.6885e-01],
            [ 6.1796e-02, -3.8916e-01, -3.0668e-01,  ..., -5.0866e-01,
             -2.7084e-01, -3.4861e-01],
            [ 4.2068e-01, -2.9215e-01,  4.0399e-01,  ...,  8.6383e-01,
             -9.7755e-01,  3.4849e-01],
            ...,
            [ 9.7796e-01,  3.8004e-01, -2.1832e-01,  ...,  2.2502e-01,
             -8.6127e-01, -1.9193e-01],
            [-9.8328e-01, -6.3666e-03, -3.4357e-01,  ..., -6.8335e-02,
              4.7735e-01,  9.2121e-01],
            [ 7.5497e-01,  1.4303e-01, -1.1976e-01,  ..., -8.1363e-01,
             -1.7576e-01, -4.7684e-02]],

           ...,

           [[ 9.3988e-01, -3.6717e-01, -1.9213e-02,  ..., -1.6737e-01,
             -7.8695e-01, -5.6106e-01],
            [ 9.4580e-01,  2.7943e-01,  4.0243e-01,  ...,  8.1747e-01,
              6.7450e-02, -5.3163e-01],
            [-7.5076e-01,  7.0352e-01, -8.4325e-02,  ..., -9.0980e-01,
              3.1537e-01, -6.8907e-01],
            ...,
            [ 3.5588e-01,  8.6578e-01, -4.6597e-01,  ..., -6.1399e-01,
             -2.4258e-01, -5.8417e-01],
            [ 5.3917e-01, -6.1995e-01,  3.8529e-01,  ...,  5.9541e-01,
              2.1363e-01, -9.6942e-01],
            [-2.4807e-01, -9.2174e-01,  6.3372e-01,  ..., -4.2298e-01,
             -8.6142e-01, -7.9646e-01]],

           [[-8.3627e-01, -8.5720e-01, -6.1189e-01,  ..., -2.3147e-01,
             -5.3409e-01, -6.0507e-01],
            [ 7.7978e-01, -8.6702e-01,  8.6898e-01,  ...,  1.9441e-01,
              9.2179e-01,  3.2076e-01],
            [-5.7018e-01,  3.8563e-01,  4.2778e-01,  ..., -7.3820e-01,
             -4.5456e-01,  2.2497e-01],
            ...,
            [-6.1817e-02,  4.7695e-01, -9.6112e-01,  ..., -2.9023e-01,
              6.4423e-01,  2.1219e-01],
            [ 9.9414e-01,  7.4338e-01, -2.3018e-02,  ...,  7.9742e-01,
             -4.1761e-01,  1.7720e-01],
            [ 7.9113e-01, -2.3339e-01, -4.7687e-01,  ...,  5.0519e-01,
             -8.6533e-01,  7.5879e-01]],

           [[-8.7706e-01,  3.8715e-01, -5.0246e-01,  ...,  3.4525e-01,
              7.7172e-01, -3.9128e-02],
            [ 8.4068e-01,  4.4214e-01, -9.1019e-01,  ..., -2.3290e-01,
             -4.6560e-01,  3.2363e-01],
            [-9.7597e-01,  1.8224e-01,  6.9017e-01,  ..., -5.8318e-01,
              6.5167e-01,  8.8831e-01],
            ...,
            [ 5.5833e-01,  9.1251e-01,  6.1044e-01,  ..., -9.0719e-01,
             -4.9609e-02,  8.0363e-01],
            [ 2.8589e-01, -7.6294e-01, -4.8360e-01,  ..., -3.8038e-01,
             -4.7384e-02, -4.4782e-03],
            [-9.6162e-01,  9.0330e-01, -7.8682e-02,  ...,  5.0333e-01,
             -6.9257e-01,  5.6902e-01]]],


          ...,


          [[[-7.3206e-01, -6.4026e-01, -7.0796e-01,  ...,  6.6796e-01,
             -2.0750e-01,  3.9824e-01],
            [ 9.5933e-01, -1.1298e-01, -6.5820e-01,  ...,  1.3008e-01,
              9.6761e-01,  9.1933e-01],
            [ 4.4188e-01,  4.3237e-01,  7.7381e-01,  ...,  1.9084e-01,
             -2.2605e-02, -4.3663e-01],
            ...,
            [-6.9702e-02, -2.8985e-01,  7.6530e-01,  ..., -2.0532e-01,
             -7.8980e-01, -7.5630e-01],
            [ 6.0998e-03, -7.1048e-01, -8.8212e-01,  ..., -5.1786e-01,
              5.5439e-01, -7.5837e-01],
            [-2.0893e-01, -7.0616e-01, -9.1169e-02,  ...,  1.8492e-01,
              4.2980e-01, -9.2499e-01]],

           [[ 2.5748e-03, -7.1915e-01,  5.3338e-01,  ..., -6.1453e-01,
             -7.0756e-01, -5.8383e-01],
            [ 6.8261e-01, -5.6613e-01,  9.2465e-01,  ...,  7.5028e-01,
              6.2720e-01,  6.0753e-01],
            [-1.7377e-01, -2.4100e-01, -4.2627e-01,  ...,  5.2315e-01,
             -3.4591e-01,  3.6433e-01],
            ...,
            [ 9.1158e-01,  5.4763e-01,  7.7031e-01,  ..., -3.1397e-01,
             -3.4497e-01, -3.7596e-01],
            [-8.6119e-01,  9.6547e-01,  1.6931e-01,  ...,  7.0917e-01,
              5.9827e-01, -7.5648e-01],
            [-4.6829e-01,  9.4050e-01, -9.6619e-01,  ..., -3.1668e-02,
             -1.9725e-01, -4.3542e-01]],

           [[-2.4641e-01,  3.8346e-01,  3.9892e-01,  ...,  6.6888e-01,
             -2.3994e-01, -4.8088e-01],
            [-6.9719e-01,  5.4996e-01,  4.2275e-01,  ..., -8.6048e-01,
             -5.1874e-01, -4.0626e-01],
            [ 6.3962e-01,  9.2299e-01,  6.0613e-02,  ..., -3.6945e-01,
              8.7655e-01,  7.2449e-01],
            ...,
            [ 8.9407e-01, -4.6490e-01,  4.4009e-01,  ..., -9.8152e-01,
              9.1852e-01, -3.7562e-01],
            [-1.7647e-01, -3.6983e-01,  3.0474e-01,  ..., -5.2622e-02,
              2.5720e-01, -9.5067e-01],
            [ 1.6211e-02,  5.2351e-01, -7.0961e-01,  ..., -8.3621e-01,
             -6.5093e-01,  9.4455e-01]],

           ...,

           [[-9.1122e-01, -8.4031e-01,  3.8136e-02,  ..., -9.6361e-01,
             -5.2139e-01,  5.1665e-01],
            [-9.4647e-01, -1.6248e-01, -8.3472e-01,  ..., -1.3237e-01,
              9.0244e-01,  7.9217e-01],
            [-3.5031e-01, -5.1937e-01,  4.3261e-01,  ..., -7.3602e-01,
              4.8652e-01, -1.4020e-01],
            ...,
            [ 2.4908e-01, -6.6262e-01,  1.4997e-01,  ...,  9.2327e-01,
             -3.9795e-01, -1.0412e-01],
            [ 3.9589e-01,  3.6889e-01, -7.2224e-02,  ...,  3.5818e-02,
             -6.8327e-01,  9.2358e-01],
            [-4.1727e-01, -1.3002e-01,  2.3113e-01,  ..., -6.9364e-01,
              7.2776e-01,  7.2398e-01]],

           [[-8.8268e-01, -4.8444e-01,  5.9069e-01,  ...,  9.9794e-01,
              8.0114e-01, -8.8172e-01],
            [-1.9932e-01,  6.9569e-02,  1.0910e-01,  ...,  1.4661e-01,
              6.9431e-01,  7.7817e-01],
            [ 7.8909e-02, -8.8633e-01,  1.4807e-01,  ...,  4.7483e-01,
              4.7638e-01, -5.4198e-01],
            ...,
            [ 8.9751e-01, -8.1501e-01, -2.3781e-01,  ..., -6.2055e-01,
             -5.6069e-02,  8.7697e-01],
            [ 3.8721e-01, -9.9342e-01,  3.8265e-01,  ...,  6.9489e-01,
              3.3372e-01,  8.5038e-01],
            [-6.6117e-01, -6.7529e-01, -4.2250e-01,  ..., -7.0238e-01,
              2.9034e-01, -8.3718e-01]],

           [[ 5.0411e-01, -3.8811e-01, -6.4071e-01,  ...,  1.9863e-01,
              5.4020e-01, -4.3535e-01],
            [ 6.6131e-01,  3.7454e-02,  7.4155e-01,  ..., -5.2254e-01,
             -4.6609e-01, -3.9755e-01],
            [ 1.8690e-01, -3.2860e-01, -5.8321e-01,  ..., -3.4652e-01,
             -8.4068e-01, -2.2407e-01],
            ...,
            [ 7.9221e-03,  9.2884e-01,  4.2945e-01,  ..., -4.6999e-01,
             -9.9643e-01,  3.4524e-01],
            [ 1.4127e-01,  1.7593e-01, -8.3699e-01,  ...,  9.0576e-01,
             -7.7495e-02,  6.1991e-01],
            [-7.6818e-01, -5.9986e-01, -2.4538e-01,  ...,  1.7234e-01,
             -5.4283e-01, -3.2959e-01]]],


          [[[ 2.9693e-02, -8.7395e-01,  3.8958e-01,  ...,  1.4095e-01,
              8.3794e-01, -6.4137e-01],
            [ 1.0234e-01, -7.0777e-01, -5.8575e-03,  ...,  7.7814e-01,
             -4.6093e-01, -1.2637e-01],
            [ 4.3224e-01, -6.0696e-01, -1.9966e-01,  ...,  5.2063e-01,
             -7.2599e-01, -4.6832e-01],
            ...,
            [ 8.1296e-01,  9.2008e-01, -7.4063e-01,  ...,  4.0303e-01,
              6.6145e-01,  4.4936e-01],
            [ 7.6962e-01,  6.8806e-01, -1.7720e-01,  ...,  9.9326e-01,
              3.1216e-01,  6.6173e-01],
            [ 6.6371e-01, -3.1356e-01,  3.8696e-01,  ...,  6.1745e-02,
             -3.1270e-01,  6.1316e-01]],

           [[-5.0931e-01, -5.1399e-01,  4.5372e-01,  ..., -3.3198e-01,
             -3.5726e-01,  9.6450e-02],
            [ 4.1687e-01, -7.5992e-01, -6.5413e-01,  ..., -2.8768e-01,
              1.6935e-01,  2.0352e-01],
            [-9.0012e-01,  3.4493e-01, -2.5261e-01,  ...,  3.4283e-01,
              9.4220e-01, -9.6325e-01],
            ...,
            [-1.1114e-01, -2.2944e-01, -2.5566e-01,  ..., -7.9187e-01,
              9.8747e-01,  5.9889e-01],
            [ 8.3018e-01,  8.3152e-01, -7.2658e-01,  ...,  4.9451e-01,
              1.7753e-01,  5.3049e-01],
            [ 9.0944e-01,  6.7248e-01, -6.6986e-01,  ..., -7.0767e-01,
              9.9739e-01,  6.1570e-01]],

           [[-8.7249e-01,  1.0759e-01, -8.5113e-01,  ..., -8.3045e-01,
              2.4860e-01,  3.1350e-01],
            [ 2.6582e-01, -5.3976e-01,  4.5470e-01,  ..., -6.4803e-01,
             -3.5346e-01,  1.3322e-01],
            [ 6.4630e-02, -7.7863e-01, -7.4522e-01,  ..., -8.6999e-01,
             -4.8293e-01,  5.4430e-01],
            ...,
            [-3.0436e-01,  4.3319e-01, -4.3140e-01,  ..., -5.1181e-01,
              8.2928e-01, -7.9862e-01],
            [ 9.1413e-02,  3.8291e-01,  1.1352e-01,  ..., -5.7055e-02,
              3.8940e-01, -7.8944e-01],
            [ 7.7436e-01, -9.0828e-01, -1.9938e-01,  ...,  8.8012e-01,
             -4.0425e-02, -3.6788e-01]],

           ...,

           [[ 2.8595e-01,  4.0798e-01,  9.7837e-01,  ..., -8.7816e-01,
              8.7764e-01,  6.7245e-01],
            [-2.7947e-01, -3.6564e-01, -3.1379e-01,  ...,  5.0613e-01,
             -1.7415e-01,  6.6590e-01],
            [-9.9789e-01, -9.6047e-01, -2.9383e-01,  ...,  4.9271e-01,
             -6.5732e-01, -8.6965e-01],
            ...,
            [ 9.3776e-01, -3.0726e-01, -6.3593e-01,  ...,  8.7965e-01,
             -2.4681e-01, -7.9859e-01],
            [-9.2130e-01, -4.8614e-01,  7.9377e-01,  ...,  1.9133e-01,
             -2.8339e-01,  9.9676e-02],
            [-4.3273e-01,  8.4391e-01,  4.2552e-01,  ..., -3.8301e-01,
             -2.6085e-01, -2.8466e-01]],

           [[-9.3323e-01,  6.0713e-01, -3.9429e-01,  ..., -6.3933e-01,
              1.8111e-01,  2.6486e-01],
            [-8.8246e-01, -4.0696e-01,  8.6325e-01,  ...,  2.3117e-01,
              9.5926e-01,  8.3034e-01],
            [ 7.8960e-02,  2.4558e-01,  2.0193e-01,  ...,  8.7335e-01,
             -6.9853e-02,  1.2733e-01],
            ...,
            [ 3.0339e-01, -3.6703e-02, -4.7181e-02,  ...,  2.6992e-01,
             -8.1612e-02, -3.3515e-01],
            [-2.2721e-01, -9.2456e-01,  8.3007e-01,  ...,  4.4917e-01,
             -9.3895e-01,  9.7153e-01],
            [-8.2239e-01, -7.9981e-01, -7.1671e-01,  ..., -2.2922e-01,
             -6.8507e-01,  7.4198e-01]],

           [[-3.9231e-01, -1.3053e-01, -7.7357e-01,  ..., -3.7001e-01,
              6.4930e-01,  7.9575e-01],
            [ 1.8562e-01,  6.4896e-01, -4.9602e-01,  ...,  7.1594e-01,
              4.4867e-01, -2.6598e-02],
            [ 1.6366e-01,  1.9253e-01,  4.6635e-01,  ...,  1.2521e-01,
             -4.2502e-01, -6.1777e-01],
            ...,
            [-2.5763e-01,  9.6551e-01, -1.8844e-01,  ..., -6.6584e-01,
             -5.6868e-01, -9.6819e-01],
            [-2.3983e-01,  2.0505e-01,  1.4212e-01,  ...,  5.8898e-01,
              8.8644e-01, -1.9349e-01],
            [ 5.3869e-01,  5.0904e-01, -4.1390e-01,  ...,  8.9863e-01,
              5.2795e-01,  5.3567e-01]]],


          [[[-9.7080e-02, -1.2027e-01, -9.2161e-01,  ..., -9.9995e-01,
              2.6345e-02, -5.0384e-02],
            [-1.1479e-01, -8.7905e-01,  6.3230e-01,  ...,  6.6707e-01,
              7.0745e-01, -3.3226e-01],
            [-4.6782e-02, -4.7138e-01, -8.3819e-02,  ..., -7.5447e-01,
              4.2289e-01,  3.9147e-01],
            ...,
            [ 8.6365e-01,  7.4525e-01, -8.4729e-01,  ...,  3.5018e-01,
              8.3697e-01, -6.3845e-01],
            [-4.3633e-01, -7.9259e-01, -6.7837e-01,  ...,  9.7097e-01,
              6.3033e-01, -3.5470e-01],
            [ 2.1317e-01,  4.0649e-02, -5.9483e-01,  ...,  1.1180e-01,
             -6.3322e-01, -5.3684e-01]],

           [[-1.1581e-01,  1.6969e-01,  9.9962e-01,  ..., -2.5427e-01,
             -4.6584e-01, -6.1722e-02],
            [ 5.7854e-02, -7.5660e-01,  4.4317e-01,  ...,  6.0190e-01,
             -9.7436e-01, -5.3995e-01],
            [ 6.5650e-01,  4.7997e-01,  1.3901e-01,  ..., -7.2734e-01,
             -7.9416e-01,  9.9194e-01],
            ...,
            [ 4.5949e-01,  7.2359e-01, -3.0858e-01,  ...,  1.1665e-01,
             -6.9465e-01, -1.0169e-01],
            [-5.0935e-01,  2.9567e-01,  4.4194e-01,  ...,  6.5698e-01,
              4.3874e-01,  3.3767e-01],
            [-1.7257e-01,  5.2890e-01,  4.6145e-01,  ..., -3.9249e-01,
             -3.3648e-01, -8.5856e-01]],

           [[-3.9178e-02,  1.2864e-01,  3.0579e-01,  ..., -1.5556e-01,
             -5.0274e-01, -6.9642e-01],
            [ 7.0087e-01, -7.6532e-01, -8.5418e-01,  ...,  2.4195e-01,
              7.7616e-01, -3.8970e-01],
            [-7.5432e-01, -5.5605e-01,  1.9442e-03,  ...,  9.0398e-01,
             -6.2038e-02, -4.6443e-01],
            ...,
            [-9.9180e-01,  9.4782e-01,  9.7329e-02,  ..., -3.8617e-01,
             -6.0036e-01, -1.4507e-01],
            [-2.6028e-02,  6.1375e-01,  2.8328e-01,  ...,  5.7315e-01,
              4.0674e-01, -8.1109e-01],
            [ 4.9755e-01,  4.7160e-01,  8.7552e-01,  ..., -8.4546e-01,
              7.7947e-01,  9.3899e-01]],

           ...,

           [[-2.1194e-01, -6.7492e-01,  9.7565e-01,  ...,  5.0484e-01,
              7.9593e-01,  6.4111e-01],
            [ 1.4814e-01, -3.1712e-01, -5.7716e-01,  ...,  4.1019e-01,
              4.9781e-01, -4.8791e-01],
            [-2.9759e-01,  8.3476e-01,  2.9637e-01,  ..., -1.9969e-02,
             -1.5540e-01, -8.4145e-01],
            ...,
            [-6.0790e-01,  2.4997e-01, -8.2775e-01,  ..., -1.6268e-01,
             -2.2895e-01,  7.5460e-01],
            [ 8.9429e-01,  1.3164e-01,  6.8554e-01,  ...,  8.4938e-01,
             -8.8048e-01,  4.3762e-01],
            [ 1.0474e-01,  6.9052e-01, -4.3939e-01,  ..., -7.1321e-01,
             -9.1378e-01, -4.1198e-01]],

           [[ 8.5994e-01,  6.9424e-02,  7.6031e-02,  ...,  6.8467e-02,
              2.2478e-02,  4.2322e-01],
            [-6.5482e-01,  6.2729e-01, -6.2114e-01,  ..., -8.0005e-01,
              5.6503e-01, -6.7078e-01],
            [-9.7897e-01,  8.5907e-01,  7.1078e-01,  ..., -5.9466e-02,
             -5.9986e-01,  9.0619e-01],
            ...,
            [ 4.6571e-01,  3.8092e-01, -9.6201e-01,  ...,  8.9169e-01,
              2.3233e-01, -6.3398e-01],
            [-2.3442e-01, -2.5665e-01, -5.9045e-01,  ...,  7.8769e-01,
              1.3248e-01, -9.4672e-01],
            [ 1.5196e-01, -5.0669e-01, -1.3025e-01,  ..., -3.1124e-01,
             -9.3115e-01,  2.7022e-01]],

           [[-9.1627e-01, -7.8178e-02, -8.2005e-01,  ..., -8.2238e-01,
             -2.7404e-01, -9.6222e-01],
            [ 4.3219e-01,  2.7162e-01, -1.2741e-01,  ..., -2.1271e-01,
              4.5118e-01,  1.2772e-01],
            [-7.4064e-01, -5.8858e-01,  2.7994e-01,  ...,  1.0749e-01,
             -2.3725e-02, -3.1580e-01],
            ...,
            [-1.2355e-01, -1.2583e-01,  6.7757e-01,  ...,  4.6481e-01,
             -9.8377e-01,  2.6630e-01],
            [-2.8988e-01, -7.8530e-01, -5.5375e-01,  ..., -5.2591e-01,
              2.0692e-01,  6.0564e-01],
            [ 1.7343e-02,  3.0224e-01,  3.3437e-01,  ...,  3.7953e-01,
             -1.9241e-01,  2.1068e-01]]]],



         [[[[-4.4740e-01,  1.3399e-01,  1.2848e-01,  ...,  7.3158e-02,
             -7.4651e-02,  6.5618e-01],
            [ 7.7397e-02,  8.1108e-01,  8.6457e-01,  ...,  1.7742e-01,
             -5.3444e-01, -8.7044e-01],
            [-7.6421e-02, -7.2187e-01,  1.3222e-01,  ...,  4.5628e-01,
              8.1217e-01,  6.3905e-01],
            ...,
            [-4.2310e-01, -4.5102e-01,  2.4954e-01,  ...,  3.9935e-01,
             -1.9687e-01,  4.6556e-01],
            [-5.0984e-01,  5.5906e-01,  2.1689e-01,  ...,  8.3672e-01,
              9.3441e-02, -9.2874e-01],
            [ 9.0207e-01, -8.1066e-01,  5.1282e-01,  ..., -6.5567e-01,
             -7.9577e-01,  1.6849e-01]],

           [[ 6.7382e-02, -4.2734e-01, -6.1399e-01,  ...,  8.6108e-01,
              5.2412e-01, -2.4427e-01],
            [ 3.4546e-01, -3.2334e-01, -8.3925e-01,  ..., -8.1076e-01,
              5.2785e-01, -3.8849e-01],
            [-3.0979e-01, -8.0059e-01,  2.1362e-01,  ...,  1.0620e-01,
             -5.4045e-01,  6.4003e-01],
            ...,
            [-4.4714e-01, -2.1323e-01, -7.5762e-01,  ...,  2.5566e-02,
              6.1869e-01,  5.7143e-01],
            [ 1.6014e-01,  7.3277e-01,  4.1809e-01,  ..., -2.9673e-01,
             -2.1166e-01,  9.8890e-01],
            [ 1.9180e-01, -1.8219e-01, -2.6087e-01,  ..., -2.3412e-01,
              7.9524e-01,  4.3180e-01]],

           [[-6.1889e-01,  7.3248e-01,  2.8848e-01,  ...,  3.4640e-01,
             -5.0160e-01,  8.7897e-01],
            [-5.1506e-01,  9.4626e-01,  9.6021e-01,  ...,  9.9432e-01,
             -1.3716e-01,  4.5878e-01],
            [ 2.2775e-01, -9.0961e-01, -2.1823e-01,  ..., -3.1907e-01,
             -4.0123e-01,  2.7572e-01],
            ...,
            [ 4.5776e-01, -9.7109e-01,  7.4295e-02,  ...,  4.4964e-01,
              4.6918e-02, -4.3305e-01],
            [ 2.3060e-01, -8.6278e-01, -1.0568e-01,  ..., -3.4314e-01,
             -8.5239e-01,  5.4360e-01],
            [-6.5836e-01,  7.7550e-01, -2.0436e-01,  ...,  5.9578e-01,
              6.4866e-01,  8.5645e-01]],

           ...,

           [[ 5.3937e-01,  3.8027e-01,  5.5178e-01,  ...,  6.0147e-01,
             -7.4959e-01, -9.1625e-01],
            [ 4.2318e-01, -4.4914e-01,  7.8821e-01,  ...,  4.0040e-01,
             -1.8082e-01, -7.7563e-01],
            [ 2.7388e-01, -5.0616e-02,  3.6618e-01,  ...,  6.5786e-01,
              9.1509e-01, -6.1558e-01],
            ...,
            [ 4.7599e-01, -1.6263e-01,  4.3792e-01,  ..., -2.8294e-01,
             -1.3314e-01,  4.8033e-01],
            [ 9.6570e-01,  7.8819e-01,  3.9662e-01,  ..., -7.1084e-01,
             -5.2565e-01,  8.8918e-01],
            [-4.1406e-01,  5.1870e-01, -1.7133e-01,  ..., -8.0932e-01,
              1.0930e-01, -9.9760e-01]],

           [[-1.8890e-01, -3.1092e-01, -3.2801e-01,  ...,  6.3228e-01,
              2.7568e-01,  5.0199e-01],
            [-6.6932e-01, -6.5585e-02,  7.6181e-01,  ..., -8.5168e-01,
              7.1595e-01, -7.0253e-01],
            [ 8.6691e-01, -5.6876e-01,  2.6922e-02,  ..., -5.2482e-01,
             -2.0119e-02, -1.1841e-01],
            ...,
            [-8.4429e-01, -1.9376e-01, -2.2603e-01,  ..., -3.7284e-01,
              2.8441e-01, -3.5996e-01],
            [ 1.2101e-02, -2.5272e-01, -7.5899e-02,  ..., -4.4856e-02,
              6.5875e-01, -5.5593e-01],
            [ 2.6928e-01,  5.9909e-01,  9.2753e-01,  ...,  3.7439e-01,
             -1.3205e-01, -8.4808e-01]],

           [[-5.3410e-01,  6.7702e-02, -4.5586e-01,  ...,  8.1907e-02,
             -8.9233e-01,  8.6899e-01],
            [ 1.1584e-01,  5.5934e-01, -2.0654e-01,  ...,  2.8152e-01,
              3.4207e-01,  1.7135e-01],
            [ 3.8354e-01,  3.2262e-01,  7.0240e-01,  ..., -7.9387e-01,
             -7.6300e-01, -9.7876e-01],
            ...,
            [ 9.1677e-01, -9.6971e-01, -4.2526e-01,  ..., -5.7933e-02,
              8.7603e-01,  4.6393e-01],
            [-6.2452e-01, -8.9118e-01,  3.8535e-01,  ...,  8.3180e-01,
              5.0143e-01,  8.2481e-01],
            [ 7.3938e-01, -3.9045e-01, -3.3897e-01,  ...,  9.6784e-01,
              7.6097e-01,  2.2687e-01]]],


          [[[ 2.9493e-01, -8.3714e-01, -9.2426e-01,  ...,  3.2024e-01,
             -2.2975e-01,  5.3267e-01],
            [-5.0183e-01, -5.3370e-02,  8.4657e-01,  ...,  2.5718e-01,
              1.5628e-01, -3.4174e-01],
            [ 3.5986e-03,  8.1818e-01, -2.4473e-01,  ...,  1.7302e-01,
              8.1876e-01, -5.6642e-01],
            ...,
            [ 7.7218e-01,  2.0786e-01,  6.6608e-01,  ...,  5.0529e-01,
             -8.2418e-01, -9.5665e-02],
            [-4.4345e-01,  3.6107e-01,  7.6327e-01,  ...,  7.7748e-01,
             -2.5182e-01,  4.1227e-01],
            [-6.8167e-02,  6.1664e-01,  1.0955e-01,  ..., -1.8376e-01,
              4.1401e-01, -3.4079e-01]],

           [[ 2.6490e-01,  5.5542e-02, -6.7374e-01,  ..., -9.8471e-01,
             -1.7513e-01,  2.4077e-02],
            [ 2.4370e-01, -3.2488e-01,  4.6528e-01,  ..., -5.6478e-01,
             -3.0043e-01,  5.6185e-01],
            [-4.9652e-01, -1.4181e-01,  4.8354e-01,  ..., -2.0481e-01,
              4.4318e-01,  9.0605e-01],
            ...,
            [ 1.6819e-01, -2.3181e-02,  5.6929e-01,  ...,  4.0851e-01,
             -8.0255e-01, -7.8316e-01],
            [-2.5386e-01, -8.1565e-01,  5.7898e-01,  ...,  8.7665e-02,
             -4.0918e-01, -6.6696e-01],
            [ 6.4998e-01, -6.2003e-02, -5.9540e-01,  ...,  8.0056e-01,
              9.6253e-01,  2.0268e-01]],

           [[ 5.4734e-01, -5.2212e-01, -1.6918e-01,  ..., -5.4300e-01,
             -9.7015e-02, -8.9980e-02],
            [-8.0591e-02,  4.9336e-01,  3.0836e-01,  ...,  4.6330e-01,
              2.9833e-01, -4.9533e-01],
            [-2.2273e-01, -1.1512e-01,  6.2044e-01,  ..., -3.6658e-02,
              8.4372e-01, -9.3268e-01],
            ...,
            [-9.5594e-01, -4.9243e-01,  5.8286e-01,  ..., -2.8073e-01,
              4.6593e-01,  7.7487e-01],
            [-1.0505e-01, -6.7982e-01, -1.6521e-01,  ...,  1.8419e-01,
             -9.0016e-01, -3.6574e-02],
            [ 6.0579e-01, -7.6206e-01, -6.7329e-03,  ...,  9.1067e-01,
             -7.5899e-01, -3.4423e-01]],

           ...,

           [[ 7.4969e-01, -6.6607e-01,  7.0214e-01,  ...,  6.2036e-01,
             -1.9486e-01, -5.8032e-01],
            [ 7.5770e-01,  6.9958e-01, -4.5419e-01,  ...,  9.3626e-01,
             -2.0748e-02,  2.3690e-01],
            [-9.9914e-01,  7.7209e-01,  7.2475e-01,  ..., -2.8380e-01,
              5.7846e-01,  9.1469e-02],
            ...,
            [-5.9636e-01,  7.9580e-01, -1.2475e-01,  ..., -4.3624e-01,
             -1.8383e-01,  7.3343e-01],
            [ 7.2015e-01, -3.1807e-01,  4.7506e-02,  ..., -4.5875e-01,
             -9.9276e-01,  8.5165e-01],
            [-2.0633e-01, -2.5770e-01,  7.1340e-01,  ...,  8.0420e-01,
              4.8710e-02,  5.2692e-01]],

           [[-9.9520e-01,  5.3855e-01,  5.4022e-02,  ..., -7.9542e-01,
             -4.4157e-01,  9.3006e-01],
            [-3.7521e-02,  5.6396e-01, -8.3204e-01,  ..., -6.9390e-01,
             -2.9837e-02, -4.2907e-01],
            [ 1.1948e-01, -2.1238e-01, -1.8051e-01,  ..., -1.3939e-02,
              1.9480e-01, -5.8954e-01],
            ...,
            [-5.3487e-01, -4.8951e-01,  5.2781e-01,  ..., -5.9509e-01,
             -3.0446e-01, -5.4042e-01],
            [ 7.9994e-01, -2.2863e-01, -4.3441e-01,  ..., -4.3796e-01,
              5.8983e-01, -7.1545e-01],
            [ 9.8592e-01,  8.6769e-01,  6.6120e-01,  ...,  1.8181e-01,
              7.0845e-01,  4.5254e-01]],

           [[ 3.1827e-01,  6.7360e-01,  7.9358e-01,  ..., -5.5621e-02,
              6.3010e-01,  4.2258e-01],
            [-9.0632e-01, -5.8127e-01,  4.1862e-01,  ..., -7.2351e-01,
              5.8784e-01,  4.5975e-01],
            [ 8.5114e-01,  1.5002e-01,  7.2584e-01,  ..., -9.0619e-01,
              5.4221e-01,  5.2885e-02],
            ...,
            [ 3.0174e-01, -6.4598e-01, -2.5015e-01,  ...,  5.4510e-01,
             -8.9489e-01,  5.6122e-01],
            [-5.2459e-01, -4.9668e-01, -2.8693e-01,  ..., -6.1555e-02,
              7.4319e-01,  8.0348e-01],
            [-4.4499e-01, -6.7723e-02, -3.9201e-01,  ..., -6.1131e-01,
              9.7835e-01,  3.9836e-01]]],


          [[[-9.1537e-01,  7.7231e-01, -5.1960e-01,  ..., -1.3186e-01,
              3.7387e-01, -3.4979e-02],
            [ 1.0196e-01, -4.2644e-02, -2.4025e-01,  ...,  8.4675e-01,
              4.4941e-01,  7.8596e-01],
            [-5.9013e-01, -6.2489e-01, -1.9941e-01,  ..., -1.2799e-01,
              6.8082e-01, -1.0691e-01],
            ...,
            [ 5.0071e-01,  1.2305e-01,  2.0078e-01,  ..., -6.5943e-01,
             -6.1489e-01, -6.0757e-01],
            [-2.7189e-01,  5.4399e-01,  5.7026e-01,  ...,  1.4949e-01,
             -6.6758e-01,  1.6832e-03],
            [ 9.6383e-01,  7.2534e-01, -9.2741e-01,  ..., -8.3621e-01,
             -3.6212e-01,  9.1637e-01]],

           [[-2.4870e-01,  7.1723e-01, -2.7025e-01,  ..., -5.0467e-01,
              3.9773e-01,  5.4026e-01],
            [-1.1721e-01,  7.2023e-01,  9.8611e-01,  ..., -2.1786e-01,
             -6.1310e-01, -6.3533e-01],
            [ 5.7916e-02,  6.3408e-01, -8.2805e-01,  ...,  1.3159e-01,
              3.6065e-02,  3.3920e-01],
            ...,
            [-5.1573e-01,  1.7401e-01, -6.0071e-01,  ..., -2.8320e-01,
             -9.2120e-01,  6.8175e-01],
            [-4.4598e-01,  6.9825e-01, -7.6818e-01,  ...,  1.8978e-01,
             -8.5886e-01, -6.7823e-01],
            [-5.5971e-01, -1.6779e-01,  5.8977e-01,  ...,  3.4413e-01,
              4.1579e-01, -4.9726e-01]],

           [[-4.7419e-01, -8.9443e-01,  8.4073e-01,  ...,  3.3427e-01,
              3.1411e-01,  2.1979e-01],
            [ 7.0730e-01,  9.2273e-01, -7.4790e-01,  ...,  1.5040e-01,
              9.3115e-01, -9.0439e-01],
            [ 1.5695e-01,  8.2553e-01,  7.1458e-01,  ...,  9.9880e-01,
              2.2907e-01, -7.9991e-01],
            ...,
            [ 1.4206e-01, -5.5644e-01, -7.7362e-01,  ...,  5.4416e-01,
             -9.9816e-01, -1.9582e-01],
            [ 6.0286e-01, -4.2702e-01,  6.1245e-01,  ...,  1.8889e-01,
             -1.7236e-01, -3.3930e-01],
            [ 4.8777e-02, -5.6063e-01,  7.5422e-01,  ...,  4.8408e-01,
              8.5992e-01,  2.4261e-01]],

           ...,

           [[-5.1216e-01, -3.0463e-01,  6.1298e-01,  ...,  8.0109e-01,
             -7.0557e-01,  1.8005e-01],
            [-5.5384e-01,  2.1193e-01, -4.1179e-02,  ...,  7.9471e-01,
             -9.7526e-01, -2.5093e-01],
            [ 8.3951e-01, -4.2188e-01,  6.9397e-01,  ..., -4.7505e-01,
              2.9184e-01, -5.8549e-02],
            ...,
            [-9.2889e-01,  1.2178e-01,  7.7276e-02,  ..., -9.4066e-01,
             -5.5188e-01,  7.5820e-01],
            [-7.5501e-01,  5.7627e-01, -2.8526e-01,  ...,  9.6239e-01,
              7.2281e-01, -9.8940e-03],
            [-3.3533e-02,  5.4914e-01, -4.7555e-01,  ...,  5.4859e-03,
              5.2614e-01, -9.2570e-01]],

           [[ 4.6971e-01,  7.4521e-01, -6.8062e-01,  ...,  7.7547e-01,
              2.6982e-01, -2.8758e-01],
            [ 7.8996e-01,  4.7933e-01,  8.3225e-01,  ...,  6.6796e-01,
             -2.6244e-01, -6.4517e-02],
            [-7.2942e-01, -5.1144e-01,  2.2710e-01,  ...,  1.3699e-01,
              6.3592e-01,  6.2471e-01],
            ...,
            [ 1.9186e-01,  7.9525e-01, -4.9266e-01,  ...,  9.0923e-01,
              9.2668e-01, -1.1940e-02],
            [-2.3131e-02, -1.7307e-01, -4.5054e-01,  ...,  9.4019e-01,
              1.6955e-01,  4.1606e-01],
            [-5.6372e-01,  4.3803e-01, -9.8424e-01,  ..., -3.4175e-03,
             -5.1641e-04,  1.6412e-01]],

           [[ 4.8042e-01,  1.9840e-01, -2.7162e-01,  ...,  9.2448e-01,
              6.1775e-01, -2.2637e-01],
            [-6.8561e-01,  1.0173e-01, -9.8981e-01,  ...,  3.5947e-01,
             -2.7157e-01,  7.1404e-01],
            [-1.7916e-01, -6.9429e-01, -7.9550e-02,  ...,  6.7130e-01,
             -8.3252e-02, -6.7668e-01],
            ...,
            [-6.4645e-02, -9.3300e-01, -6.5245e-01,  ...,  8.5977e-01,
             -6.5968e-01, -4.4423e-02],
            [ 1.6724e-02,  8.8776e-01,  6.8901e-01,  ..., -4.2682e-01,
             -6.4723e-01, -6.8793e-01],
            [ 2.5745e-01,  4.4122e-01, -6.3025e-01,  ..., -4.0647e-01,
             -1.9896e-01, -4.7214e-01]]],


          ...,


          [[[-2.3972e-01,  4.7912e-01, -7.2849e-01,  ..., -2.3087e-01,
              2.4784e-01, -4.0565e-01],
            [ 3.4293e-01, -2.2762e-01,  6.8018e-01,  ..., -5.6977e-02,
              6.8790e-01, -7.2290e-01],
            [ 8.1979e-01, -1.1245e-01,  1.2492e-01,  ...,  8.5739e-01,
              1.6694e-01,  3.3348e-01],
            ...,
            [ 1.8812e-01,  5.1275e-01,  9.9167e-01,  ...,  9.9950e-01,
             -6.1479e-01,  4.9364e-01],
            [-2.0000e-01, -6.4145e-01,  1.4661e-01,  ...,  5.0133e-01,
              1.6646e-01,  3.0674e-01],
            [-4.9125e-01, -3.7531e-01,  6.2683e-01,  ...,  1.6648e-02,
              6.4101e-02,  1.8651e-01]],

           [[ 6.6875e-01, -1.1602e-01,  4.0120e-03,  ..., -5.6489e-01,
             -4.7784e-01, -5.6127e-01],
            [-2.2203e-01,  3.7947e-01,  6.3380e-01,  ...,  5.3938e-01,
             -1.1817e-01,  1.5298e-01],
            [ 2.7128e-02, -6.2740e-01, -3.3580e-02,  ...,  6.2826e-01,
             -7.7413e-01,  9.5140e-01],
            ...,
            [ 3.5921e-01,  9.2787e-01,  6.0119e-01,  ...,  5.7331e-01,
              9.8548e-01, -2.8653e-01],
            [-3.6079e-01,  5.3924e-01, -4.0812e-01,  ...,  2.2622e-01,
             -8.5079e-02,  3.9158e-01],
            [ 8.2286e-01, -3.3518e-01, -6.0394e-01,  ...,  7.8953e-01,
              8.4647e-01,  7.4968e-01]],

           [[ 7.1204e-04,  2.7671e-01,  5.1386e-01,  ...,  2.0968e-01,
              3.1105e-01, -9.6040e-01],
            [ 1.1038e-01,  1.4530e-02,  5.1946e-01,  ...,  6.8883e-01,
              3.7276e-01, -9.8791e-01],
            [ 1.8298e-01,  7.3517e-01,  2.1375e-01,  ..., -6.8856e-01,
              7.5519e-01, -8.7767e-01],
            ...,
            [-7.7780e-01,  1.5077e-01, -9.0200e-02,  ...,  8.0454e-01,
             -8.5268e-01,  2.3433e-01],
            [-7.7941e-01, -2.1487e-01, -9.2614e-01,  ..., -4.7550e-01,
              8.2085e-01,  7.8665e-01],
            [ 1.2588e-02, -6.6614e-02, -8.8445e-02,  ...,  6.9030e-02,
             -2.1546e-01,  6.9806e-01]],

           ...,

           [[ 4.2115e-01, -3.7201e-01,  3.6822e-01,  ...,  2.3525e-01,
             -1.1153e-01, -9.1716e-01],
            [-3.2541e-02,  1.6747e-01, -1.2148e-02,  ...,  6.2802e-01,
             -5.9629e-01,  1.4498e-01],
            [ 6.4080e-01,  5.4975e-01,  1.4903e-01,  ...,  5.4822e-01,
              7.1310e-01, -6.9443e-01],
            ...,
            [ 8.7847e-01,  2.3644e-02,  9.3838e-01,  ...,  6.7236e-01,
             -8.1452e-01,  4.4883e-01],
            [ 8.1919e-01, -3.2227e-01, -9.2503e-01,  ...,  5.7978e-01,
              3.9879e-01, -9.0491e-02],
            [-7.4684e-01, -3.2363e-01,  9.8608e-02,  ...,  8.1694e-01,
              3.3529e-01, -3.6574e-01]],

           [[ 1.0406e-01,  8.4741e-01, -8.8909e-01,  ...,  2.9089e-01,
             -2.8152e-02,  3.1728e-01],
            [ 2.2276e-01,  2.0800e-01, -8.8018e-01,  ..., -6.7013e-01,
             -3.7242e-01,  6.6829e-01],
            [-6.8390e-02, -9.3128e-01,  1.1146e-01,  ..., -8.7283e-01,
             -4.1599e-01, -2.4282e-01],
            ...,
            [-8.8803e-01,  1.1560e-01,  5.9778e-01,  ...,  2.3274e-01,
             -6.6589e-01, -4.9556e-01],
            [ 9.3217e-03,  9.1518e-01,  2.9235e-01,  ...,  8.8655e-01,
             -6.0299e-01,  1.2382e-01],
            [-2.8448e-01,  3.1427e-01,  8.9749e-01,  ..., -1.6611e-01,
             -4.3438e-01,  3.5382e-01]],

           [[ 8.9440e-01, -2.7129e-01,  2.8794e-01,  ...,  3.4309e-01,
              1.7536e-01, -4.3462e-01],
            [ 8.0758e-01,  7.3904e-01, -1.9231e-01,  ..., -3.6138e-01,
             -5.9842e-01,  7.0360e-01],
            [ 4.0858e-01,  7.9257e-01,  2.0244e-01,  ...,  8.6989e-01,
             -9.4636e-02,  5.5098e-01],
            ...,
            [ 7.4675e-01,  4.1360e-01,  4.6548e-01,  ...,  1.0132e-01,
             -4.2413e-01,  6.2385e-01],
            [-7.1468e-01,  7.3741e-01,  9.7759e-01,  ...,  4.4880e-01,
             -2.4080e-02, -4.7672e-02],
            [-7.2810e-01, -9.8875e-01,  7.2569e-01,  ..., -9.2570e-01,
              1.5797e-01, -8.9185e-01]]],


          [[[ 2.4977e-01, -2.0669e-01,  9.6008e-01,  ..., -7.8704e-01,
              4.6625e-01, -3.3608e-01],
            [ 4.2159e-01, -1.4814e-01,  7.0615e-01,  ..., -4.6481e-01,
              9.1158e-01, -3.9752e-01],
            [-8.5412e-01, -8.6146e-01, -6.9196e-01,  ..., -2.8230e-01,
             -3.2408e-01,  8.5727e-01],
            ...,
            [-1.6855e-01,  9.8484e-01, -6.9364e-01,  ...,  1.1317e-01,
              5.9688e-01,  3.0698e-01],
            [-2.8421e-01, -7.6630e-01, -5.3039e-01,  ...,  3.5476e-01,
              2.5118e-01,  3.2842e-01],
            [-9.8863e-01,  7.0185e-01, -8.7760e-01,  ..., -7.9127e-01,
             -5.5508e-01, -6.4596e-01]],

           [[ 2.7023e-01, -7.0283e-01, -2.6837e-01,  ..., -1.4473e-01,
             -5.7291e-01,  3.6456e-01],
            [ 4.4728e-01, -1.3124e-01, -7.6282e-01,  ...,  7.6920e-01,
             -4.7628e-01,  3.3753e-01],
            [-4.0176e-01,  1.2658e-02,  5.4163e-01,  ..., -2.7729e-01,
              3.6381e-01,  7.5649e-01],
            ...,
            [ 8.6988e-01,  3.7672e-01, -6.8657e-01,  ..., -1.1601e-01,
             -5.5106e-03,  1.3036e-01],
            [-1.1015e-01,  7.9069e-01, -2.3781e-01,  ...,  1.3087e-01,
              6.1165e-01,  3.9473e-02],
            [-9.5897e-01, -9.4386e-01,  5.0337e-01,  ..., -6.2140e-01,
             -1.8647e-01, -1.1108e-01]],

           [[ 9.2957e-01,  5.7308e-02,  2.6880e-01,  ...,  5.6455e-01,
             -3.8253e-01,  3.3721e-01],
            [ 1.1507e-01, -9.6693e-01,  8.0986e-01,  ...,  3.5362e-01,
             -3.0719e-01,  8.0294e-01],
            [ 2.1150e-01,  6.9337e-01, -5.4364e-01,  ..., -8.8618e-01,
             -1.3520e-01,  4.5995e-01],
            ...,
            [-3.4658e-01, -8.4317e-01, -7.1472e-01,  ...,  7.9928e-01,
              1.7563e-01, -2.4068e-02],
            [ 3.9124e-01,  9.0943e-01,  1.1261e-01,  ..., -4.3446e-01,
             -1.0004e-01, -8.1967e-01],
            [ 7.2199e-01, -2.4820e-02,  9.1299e-01,  ...,  6.4763e-02,
              9.2062e-01, -7.5504e-01]],

           ...,

           [[-3.3729e-01, -4.9792e-01, -8.4007e-02,  ...,  2.2370e-03,
             -4.7632e-01,  3.8929e-02],
            [ 9.0350e-02, -7.5242e-02,  6.8275e-01,  ...,  7.9183e-01,
              3.5394e-01,  2.6914e-02],
            [ 7.1373e-01, -4.1346e-01, -5.5085e-01,  ..., -9.2963e-02,
             -6.3308e-02,  4.9659e-01],
            ...,
            [-1.5177e-01, -4.9994e-01,  9.4806e-01,  ..., -5.7775e-01,
             -9.3829e-01,  3.2600e-02],
            [ 3.5658e-01,  3.2430e-01, -9.9529e-01,  ..., -1.2666e-01,
             -1.1674e-01, -1.4329e-03],
            [-5.6231e-01,  6.9177e-01, -3.6203e-01,  ...,  7.9881e-01,
              7.5609e-01,  9.3068e-01]],

           [[ 1.5417e-01,  6.2378e-01, -5.8396e-02,  ...,  8.4341e-01,
              3.5693e-01, -9.9755e-01],
            [ 7.5477e-01,  7.0175e-01,  7.6293e-02,  ..., -1.8232e-01,
             -4.6500e-01, -7.2303e-01],
            [-5.6952e-01,  7.4916e-01,  4.6657e-01,  ...,  6.0224e-01,
             -8.9216e-01, -1.1234e-02],
            ...,
            [ 1.9921e-01, -1.4162e-01,  5.4098e-02,  ..., -5.2274e-01,
             -7.7541e-01, -2.0222e-01],
            [ 9.7159e-01, -9.7920e-01, -2.8465e-01,  ..., -4.4876e-01,
             -3.2344e-01,  8.9162e-01],
            [-9.6981e-01, -5.0016e-01,  1.5707e-01,  ..., -5.9695e-01,
              1.6416e-01, -6.7088e-01]],

           [[ 7.6614e-01,  8.9265e-01,  9.0587e-01,  ..., -8.8711e-01,
              8.6497e-01, -8.4623e-01],
            [-3.8288e-01,  2.1609e-02, -9.2147e-01,  ..., -6.7801e-01,
              3.4951e-01, -5.0074e-02],
            [ 8.4586e-01,  3.5162e-01,  3.6441e-01,  ..., -9.6432e-01,
             -4.4638e-01,  6.3377e-01],
            ...,
            [ 4.4095e-01, -9.3933e-01,  6.9656e-02,  ..., -6.5790e-01,
              1.8285e-01, -5.7800e-01],
            [-3.7117e-02,  4.7661e-01, -5.1979e-01,  ..., -2.6932e-01,
             -1.8887e-01,  9.8473e-01],
            [-4.2548e-01, -3.7353e-01, -5.8755e-01,  ..., -3.6764e-01,
              5.9423e-02,  5.6317e-01]]],


          [[[-1.8540e-01,  2.2905e-01,  6.0355e-01,  ...,  2.4193e-01,
             -1.1807e-01, -6.4411e-01],
            [ 2.4542e-01, -4.5275e-01, -1.2830e-01,  ..., -6.2044e-01,
              2.0441e-01,  2.1814e-01],
            [-2.1429e-01, -4.0065e-01, -1.6086e-03,  ..., -2.9447e-01,
              5.0826e-01, -6.4496e-02],
            ...,
            [-7.9053e-01, -1.8950e-01,  3.2246e-01,  ...,  4.3310e-01,
             -1.6469e-01,  4.9391e-01],
            [-6.6650e-01,  1.2878e-01,  2.9224e-01,  ...,  4.1049e-01,
              2.6453e-01,  4.0268e-01],
            [-2.6233e-01, -3.9631e-01, -4.1949e-01,  ...,  8.3184e-01,
             -9.8547e-01,  7.6187e-01]],

           [[-8.6275e-01, -1.0859e-01,  4.9701e-01,  ..., -8.3163e-01,
              9.4169e-01,  1.4953e-01],
            [-4.6208e-01,  8.9816e-03,  7.9974e-01,  ..., -1.2239e-01,
             -1.8717e-02,  8.4653e-01],
            [ 3.3566e-01,  5.7588e-01,  8.2262e-01,  ...,  7.3387e-01,
              9.2488e-01, -7.1068e-01],
            ...,
            [-4.5120e-01, -3.4288e-01, -8.9413e-01,  ...,  7.1480e-01,
             -4.9417e-03,  9.0248e-01],
            [-6.3551e-01,  2.9311e-01,  3.3658e-01,  ..., -2.2045e-01,
             -9.0523e-01,  3.0628e-01],
            [-9.5602e-01,  3.0509e-01, -1.9343e-01,  ..., -5.9519e-01,
             -1.8015e-01, -7.8500e-02]],

           [[-5.5580e-01,  5.2659e-01, -5.5674e-02,  ..., -3.9877e-01,
              5.1824e-01, -3.5226e-02],
            [ 4.7527e-01, -2.9459e-01,  6.5996e-01,  ...,  2.5639e-01,
              3.2540e-01, -8.2911e-01],
            [-4.5895e-01, -5.4964e-01, -4.7037e-01,  ...,  6.5250e-01,
             -8.9239e-01,  2.1443e-01],
            ...,
            [ 5.9528e-01,  6.8292e-01, -7.8123e-01,  ..., -5.5673e-01,
              9.4969e-01,  7.8443e-01],
            [ 8.9810e-01, -8.4481e-01,  7.5295e-01,  ..., -5.1329e-01,
              1.5765e-02, -4.9239e-01],
            [-1.1147e-01,  2.7283e-01, -3.6286e-01,  ..., -8.1910e-01,
              7.4788e-01,  3.7458e-01]],

           ...,

           [[ 9.2661e-01,  9.0237e-01,  2.4517e-01,  ..., -8.0558e-01,
             -1.3277e-01, -9.9876e-01],
            [-8.0842e-01, -9.1718e-01, -6.9441e-01,  ...,  8.4389e-01,
             -8.6489e-01,  2.4738e-01],
            [-2.5183e-01,  5.1026e-01, -3.3416e-01,  ...,  5.6599e-01,
             -6.9171e-01,  7.3967e-01],
            ...,
            [-1.1051e-03, -7.9555e-01, -6.9995e-01,  ...,  6.5525e-01,
             -3.8052e-01, -5.5169e-01],
            [-1.7086e-01, -8.4299e-01, -2.4571e-01,  ..., -5.0888e-01,
              4.4677e-01,  7.4724e-01],
            [ 3.0445e-01, -1.3002e-01, -5.7973e-01,  ...,  3.8480e-01,
              2.7276e-01,  1.2193e-02]],

           [[ 3.8297e-01, -4.7919e-01, -4.5744e-01,  ..., -2.4183e-01,
             -5.6022e-01,  9.0787e-01],
            [-9.2574e-01, -1.8846e-01,  3.4901e-01,  ...,  7.1957e-01,
              5.5275e-01, -9.5273e-01],
            [-9.6369e-01, -6.7489e-01, -2.7528e-01,  ..., -1.6057e-02,
              7.8753e-01, -8.9087e-01],
            ...,
            [-1.3259e-01,  4.0568e-01,  4.8829e-01,  ...,  1.0460e-01,
             -4.6653e-01,  5.4952e-01],
            [ 7.8712e-01,  6.0401e-01, -9.7720e-01,  ...,  3.9764e-01,
             -5.3021e-01,  6.1943e-01],
            [-9.2904e-01, -5.6486e-01, -1.6511e-01,  ...,  3.9592e-02,
             -7.9541e-01, -2.2984e-01]],

           [[ 9.6199e-02,  8.4133e-02,  5.3538e-01,  ...,  8.4476e-01,
              8.5821e-01, -7.3841e-02],
            [-4.6233e-02,  9.2141e-01,  9.0953e-02,  ..., -8.7041e-01,
              5.2520e-01,  4.9288e-01],
            [ 4.3476e-02,  7.5353e-01, -3.4709e-02,  ...,  6.4942e-01,
             -3.9960e-01, -8.1241e-01],
            ...,
            [ 3.9903e-01, -5.6842e-01,  5.8706e-01,  ...,  6.0239e-01,
             -9.0842e-01, -5.2700e-01],
            [ 4.4013e-01,  1.6325e-01,  3.8750e-01,  ...,  3.5266e-01,
              6.5926e-02, -7.8162e-01],
            [ 3.6529e-01,  4.3401e-01,  5.1293e-01,  ...,  8.7722e-01,
              6.7721e-01,  5.2808e-01]]]]],




        [[[[[ 6.6535e-01, -8.0605e-01, -7.6961e-01,  ...,  4.3591e-01,
              3.9397e-01,  7.8038e-01],
            [-4.1578e-01, -6.6948e-01, -5.9285e-01,  ..., -2.3687e-02,
             -3.6168e-01, -6.8162e-01],
            [-4.3787e-01,  3.4277e-01, -4.4700e-01,  ..., -3.4051e-01,
             -8.9281e-01, -7.8547e-01],
            ...,
            [ 2.9699e-01,  6.4805e-01, -1.0553e-01,  ..., -7.9840e-01,
             -6.9396e-01,  2.7004e-01],
            [-6.0908e-01, -7.9293e-02,  3.8746e-01,  ..., -1.1535e+00,
              4.9227e-01, -5.0704e-01],
            [ 8.1669e-01,  4.4119e-01,  2.1991e-01,  ..., -5.4296e-01,
              5.4593e-03, -8.8800e-01]],

           [[-4.1419e-02, -1.0591e+00, -8.2041e-01,  ...,  1.4082e+00,
             -9.0624e-01,  4.3430e-01],
            [ 7.4782e-01, -6.3722e-01, -6.0650e-01,  ...,  1.7705e-01,
             -7.0557e-01, -5.3344e-01],
            [-1.0846e+00, -6.7132e-01, -1.0503e+00,  ..., -6.1980e-01,
             -4.8460e-01, -7.2725e-01],
            ...,
            [-1.1037e+00, -1.1966e+00,  4.2500e-01,  ...,  1.0206e+00,
              6.5704e-01, -6.1097e-02],
            [-1.1629e+00,  1.3983e+00,  3.5264e-01,  ...,  2.2277e-01,
              2.9993e-01, -1.1869e+00],
            [ 4.5036e-01,  7.6531e-01,  7.9250e-01,  ..., -6.5472e-01,
             -3.5963e-01, -7.0603e-01]],

           [[ 1.1360e-01, -6.0004e-01, -9.5387e-01,  ...,  8.8902e-01,
              3.1643e-01, -4.4368e-01],
            [ 3.5127e-01,  3.8370e-01, -8.5113e-01,  ..., -3.4465e-01,
              5.0247e-01,  2.9140e-01],
            [ 8.2749e-02,  3.0345e-02, -7.5985e-01,  ...,  3.2211e-01,
              3.4322e-01, -7.1883e-01],
            ...,
            [-7.2146e-01,  3.6036e-01,  3.1140e-01,  ...,  6.7967e-01,
             -8.3961e-01,  1.0167e+00],
            [ 6.4189e-02, -3.1560e-02, -9.7517e-01,  ...,  6.0952e-01,
             -5.2945e-01, -6.0668e-01],
            [-2.3033e-01,  1.6736e-01, -1.5563e-01,  ...,  3.0783e-01,
             -1.2767e+00,  3.2999e-01]],

           ...,

           [[-1.9671e-01, -1.4464e+00,  7.6059e-01,  ...,  7.8818e-02,
              1.3340e-01, -2.5249e-01],
            [ 1.0358e+00, -3.7376e-01, -1.5818e-01,  ..., -4.6580e-01,
             -4.0375e-01,  6.6224e-01],
            [-1.2678e+00,  8.4544e-01, -8.6806e-01,  ..., -7.2259e-01,
             -2.1710e-01, -5.4205e-01],
            ...,
            [ 3.4093e-02, -2.0669e-01, -9.4914e-01,  ...,  9.4550e-02,
             -9.1467e-03, -1.6681e-02],
            [-2.1913e-01,  6.0748e-01, -2.1369e-03,  ..., -1.1191e+00,
             -1.0804e+00,  2.6525e-01],
            [-6.1869e-01, -2.3353e-01, -4.4700e-02,  ...,  3.8241e-01,
             -1.3237e-01, -3.0236e-01]],

           [[-5.9157e-01, -1.3834e-01,  6.3539e-01,  ...,  6.5296e-01,
             -1.4069e+00,  9.2825e-01],
            [-7.4924e-02, -2.6929e-01,  7.9578e-01,  ..., -2.3282e-01,
              1.0903e-01, -7.5771e-01],
            [ 4.2094e-01, -3.0950e-01, -1.1371e+00,  ...,  2.5798e-01,
              7.2224e-01, -5.9053e-01],
            ...,
            [ 8.1730e-01,  7.8245e-01,  3.2479e-01,  ...,  5.0183e-01,
              7.0608e-01,  5.2807e-01],
            [-1.0244e-03, -6.1325e-01, -4.8087e-01,  ..., -6.2756e-01,
             -1.9245e-01,  5.9489e-01],
            [ 7.2483e-02,  9.4701e-01, -1.7507e-01,  ...,  1.0708e+00,
              5.2115e-01,  5.4473e-04]],

           [[ 8.7799e-02, -9.9160e-01,  6.6623e-01,  ..., -3.0717e-01,
              8.0225e-01, -7.7175e-01],
            [ 1.1675e-02, -1.1399e-01,  6.4916e-01,  ..., -8.7281e-01,
             -3.3760e-01, -3.2911e-01],
            [ 5.3341e-02, -9.0321e-01, -1.1608e+00,  ..., -5.7087e-01,
             -4.9938e-01,  4.9148e-01],
            ...,
            [ 4.9382e-01,  3.0412e-01, -8.8673e-02,  ...,  4.0070e-01,
              6.1899e-02,  1.3504e+00],
            [ 2.2983e-01, -3.2716e-01, -5.1559e-01,  ..., -5.6109e-01,
             -1.0489e+00, -1.1115e-01],
            [-3.9913e-01,  5.1029e-01, -9.9762e-01,  ...,  9.3845e-01,
              2.3214e-01,  7.0234e-01]]],


          [[[-9.4701e-01, -2.3963e-01,  8.4549e-01,  ..., -1.6524e-01,
              7.1630e-01,  5.2672e-01],
            [ 1.4895e-01, -1.8482e-01, -8.4993e-01,  ..., -8.8979e-01,
             -8.8200e-01, -4.4844e-01],
            [ 2.1877e-01, -3.3622e-01,  7.7323e-01,  ..., -9.6294e-01,
              9.9338e-01, -5.6823e-01],
            ...,
            [-5.6382e-02,  6.3182e-01, -6.8257e-01,  ...,  5.3910e-02,
             -1.6336e-01, -1.6246e-01],
            [-8.2026e-01,  4.9969e-01,  4.9221e-01,  ..., -2.5091e-01,
              8.2283e-01, -2.2083e-01],
            [ 9.7708e-01,  4.7758e-01,  2.3402e-01,  ..., -3.9455e-01,
             -5.1589e-01,  9.8194e-01]],

           [[-3.6943e-01, -9.2249e-01, -9.6507e-01,  ..., -6.6730e-01,
              2.2826e-02, -7.9867e-01],
            [ 6.6678e-01,  1.5883e-01, -5.4935e-01,  ..., -8.4613e-01,
              3.1650e-01, -4.4459e-01],
            [-7.7024e-01,  5.7701e-01, -7.4104e-02,  ...,  2.2020e-01,
              3.4104e-01,  7.5348e-01],
            ...,
            [ 5.0951e-01,  7.3653e-01, -7.5688e-01,  ...,  7.0256e-01,
             -9.5513e-01, -5.4655e-01],
            [-7.8613e-01, -5.5670e-01, -7.1616e-01,  ..., -3.4585e-01,
              6.9565e-02,  1.5463e-01],
            [-9.8878e-01,  1.5421e-01, -2.7954e-01,  ...,  4.3389e-01,
              6.6882e-01,  8.4350e-02]],

           [[ 7.5620e-01, -1.4558e-01, -9.9937e-01,  ...,  9.2617e-02,
              9.1741e-01, -7.9018e-01],
            [ 2.9203e-01,  3.5573e-01, -1.7673e-02,  ...,  9.5732e-01,
             -1.3693e-01, -9.9507e-01],
            [-9.8155e-01, -9.2972e-01, -6.1825e-01,  ...,  8.2185e-01,
              4.8638e-01, -5.9470e-02],
            ...,
            [-2.8716e-01, -9.7232e-02, -1.7148e-01,  ..., -9.3513e-01,
              8.9019e-01,  8.8899e-01],
            [ 5.7160e-01, -3.8518e-01, -9.6874e-01,  ...,  8.0318e-01,
             -7.1796e-01,  6.5640e-01],
            [ 4.8429e-01, -9.8348e-01,  1.3552e-01,  ...,  7.7525e-01,
             -5.3900e-01,  3.8440e-01]],

           ...,

           [[-9.1213e-02,  2.0788e-01,  5.2287e-01,  ..., -6.7199e-01,
              1.9410e-01,  2.8189e-01],
            [ 4.0050e-01, -7.8036e-01,  4.0356e-01,  ..., -5.0525e-01,
              7.8543e-01, -1.9879e-01],
            [-5.0623e-01,  2.2961e-01, -9.6456e-01,  ..., -1.2131e-01,
             -9.1023e-01,  3.7093e-01],
            ...,
            [ 1.7985e-01,  9.2819e-01, -9.6056e-01,  ..., -4.8458e-02,
              6.0885e-02, -9.7118e-01],
            [ 3.3824e-01,  4.3373e-01,  5.5991e-01,  ...,  8.9933e-01,
              9.4209e-01,  6.9540e-01],
            [ 6.7620e-01, -3.3118e-01,  2.6913e-01,  ...,  3.4706e-02,
              1.1571e-01, -1.6452e-01]],

           [[-8.9600e-01,  9.2766e-01, -8.3108e-01,  ...,  8.7286e-01,
             -4.3341e-01,  8.3679e-01],
            [-1.8369e-01, -4.8175e-01, -4.2645e-01,  ...,  6.9975e-01,
             -1.3123e-01, -7.1516e-01],
            [-2.1243e-03, -8.1738e-01, -5.3363e-01,  ..., -7.3607e-01,
              9.6740e-01,  2.4177e-01],
            ...,
            [ 2.5781e-01, -6.9269e-01,  1.6270e-01,  ...,  9.3569e-01,
              2.0446e-01,  2.9616e-01],
            [ 6.3925e-01, -8.6201e-02,  7.2994e-01,  ..., -4.4995e-01,
              5.9529e-01, -6.0529e-01],
            [ 1.8186e-01, -9.3878e-01,  2.7013e-01,  ...,  8.5048e-01,
              9.0524e-01,  6.0057e-01]],

           [[-9.1716e-01,  9.9057e-01, -1.5031e-01,  ..., -1.3613e-01,
             -6.4481e-01,  5.9772e-01],
            [-8.5513e-01, -7.1146e-01, -5.9052e-01,  ...,  1.7215e-01,
             -7.6973e-01,  9.0835e-02],
            [-9.1689e-01,  9.4798e-01,  1.8238e-01,  ...,  6.1544e-01,
              4.6004e-01,  6.4922e-01],
            ...,
            [ 8.5297e-01, -8.1331e-01,  1.0451e-01,  ..., -8.0541e-01,
             -9.0879e-01, -2.3561e-01],
            [-8.1288e-01, -9.7549e-01,  6.1560e-01,  ...,  1.5651e-01,
             -8.0636e-01,  5.7208e-01],
            [-2.9137e-02,  9.3017e-01,  6.5245e-01,  ..., -4.2958e-01,
              5.2235e-01,  3.0101e-01]]],


          [[[-9.6486e-01,  5.2126e-01,  9.1487e-01,  ..., -2.5812e-01,
             -1.8673e-01, -4.8879e-01],
            [-1.0445e-01,  9.5985e-01,  8.7187e-01,  ...,  5.3662e-01,
              6.6262e-01,  1.1647e-01],
            [ 8.3961e-01, -7.1561e-01, -5.6676e-01,  ...,  8.7563e-01,
             -5.8241e-01, -2.7069e-01],
            ...,
            [-5.3038e-01,  9.0531e-01, -7.7852e-01,  ...,  8.3622e-02,
             -4.3251e-01, -1.8294e-01],
            [-4.8442e-01,  1.9607e-01,  7.5968e-01,  ...,  9.7953e-01,
             -4.1254e-01,  1.8522e-01],
            [ 4.0382e-01, -5.3291e-01,  9.0300e-02,  ..., -4.0604e-01,
             -9.7865e-01,  4.0159e-01]],

           [[-6.4850e-01,  9.5662e-02, -5.6356e-01,  ..., -5.3896e-01,
             -1.2975e-01,  1.1802e-01],
            [ 2.1546e-01,  7.0866e-01,  9.0061e-01,  ..., -9.9865e-01,
              1.8226e-01, -9.7057e-01],
            [ 6.2999e-01,  1.7481e-01, -9.2827e-02,  ..., -4.1041e-01,
             -1.7940e-02,  3.5195e-01],
            ...,
            [ 5.3975e-01,  5.9499e-01, -2.2373e-01,  ..., -4.6997e-01,
             -3.5836e-01,  6.5415e-01],
            [-1.8474e-02, -4.4929e-01,  2.4602e-01,  ...,  1.8781e-01,
              8.9259e-01, -7.0310e-02],
            [ 2.7843e-02, -5.7790e-01,  7.4170e-01,  ...,  3.7244e-01,
              9.8197e-01, -1.4545e-01]],

           [[ 7.8512e-02, -1.2984e-01, -4.1920e-01,  ..., -8.6361e-01,
              2.4905e-01,  1.0921e-01],
            [-9.8922e-01,  1.1428e-01, -3.0941e-01,  ...,  7.9955e-01,
             -9.8385e-01, -1.7550e-01],
            [ 1.3970e-01, -5.9540e-01, -5.3814e-01,  ...,  3.1903e-01,
             -8.9297e-01,  5.7693e-01],
            ...,
            [-1.0728e-02, -2.5463e-01,  8.0191e-01,  ..., -3.0256e-01,
             -2.5108e-01, -1.3391e-01],
            [-7.9787e-01,  5.9940e-01,  8.8171e-01,  ..., -3.6551e-01,
              1.0817e-01, -7.7830e-01],
            [ 8.5037e-01, -2.3064e-01,  7.2382e-01,  ...,  1.5928e-01,
              7.0545e-01,  7.9171e-02]],

           ...,

           [[-2.7627e-01, -8.0970e-01, -1.1710e-01,  ..., -8.5209e-01,
              3.8597e-01,  2.7040e-01],
            [-6.4970e-01, -4.8117e-01,  5.5348e-01,  ..., -1.7888e-01,
             -3.7491e-01,  9.2006e-01],
            [ 6.4706e-01, -6.9526e-01,  4.4418e-01,  ..., -4.0651e-01,
              7.5355e-01,  7.9087e-01],
            ...,
            [ 2.5485e-01,  3.9963e-02,  1.5857e-01,  ...,  8.8438e-01,
              4.8253e-01,  6.1361e-01],
            [ 9.4356e-01,  3.4709e-01, -6.8567e-01,  ...,  2.1132e-01,
              6.8980e-01, -5.5745e-01],
            [-8.6980e-01,  2.0235e-01, -2.1272e-01,  ...,  6.2804e-01,
             -1.1144e-01,  3.1617e-01]],

           [[ 8.6432e-01, -6.1087e-01,  9.9389e-01,  ..., -3.4610e-01,
              2.3267e-01,  3.7525e-01],
            [-1.8969e-01,  9.0713e-01, -5.9685e-01,  ..., -1.6862e-01,
             -5.0488e-01, -1.8337e-01],
            [-5.3061e-01,  9.6491e-01, -8.4094e-01,  ..., -1.6717e-02,
              6.1170e-01,  4.7377e-01],
            ...,
            [ 9.1471e-01,  4.7850e-01, -4.6194e-01,  ...,  5.0497e-01,
             -1.8177e-01, -6.9541e-01],
            [-5.5438e-01, -8.7286e-01, -9.4575e-01,  ...,  8.6780e-01,
              6.1140e-01, -8.1809e-01],
            [-1.1904e-01,  6.3434e-01, -7.8938e-01,  ...,  4.9356e-02,
              2.8148e-01,  9.7514e-01]],

           [[ 8.0281e-01,  5.8448e-01,  4.3022e-01,  ...,  1.9543e-01,
              5.7183e-01,  1.4936e-01],
            [ 7.7949e-01, -2.1061e-01,  1.4393e-01,  ...,  9.1486e-01,
             -4.4111e-01, -4.4580e-01],
            [ 7.6311e-01, -6.9354e-01,  2.8168e-01,  ..., -6.0926e-01,
             -7.9515e-01, -4.0881e-01],
            ...,
            [-7.9336e-01,  8.2623e-01, -2.8245e-01,  ...,  7.8821e-01,
             -1.2409e-01,  4.9979e-01],
            [-1.7402e-01,  1.9540e-01, -2.2653e-01,  ..., -4.7097e-01,
             -4.3061e-01, -6.8273e-01],
            [-8.9113e-01,  9.1338e-01, -9.3493e-01,  ...,  2.6578e-01,
              2.0758e-01, -7.2744e-01]]],


          ...,


          [[[ 9.5899e-01,  2.6159e-01, -3.0154e-01,  ...,  2.2324e-01,
             -6.3660e-01, -9.4675e-01],
            [ 4.5305e-01,  7.6989e-01, -3.9193e-01,  ..., -1.6161e-03,
              9.7500e-01,  4.6784e-01],
            [ 6.5114e-01, -2.0080e-01,  6.4559e-01,  ..., -3.5454e-01,
              5.7201e-03, -5.3403e-01],
            ...,
            [-7.1952e-01,  6.4756e-01, -2.8668e-01,  ..., -6.5175e-01,
              5.6718e-01,  9.9590e-01],
            [ 3.8210e-01, -6.5568e-01,  8.6345e-01,  ...,  6.6134e-01,
              4.8062e-01,  2.8498e-01],
            [-3.2533e-01, -5.7922e-01, -4.7588e-01,  ...,  2.3858e-02,
             -8.5527e-01, -6.7796e-01]],

           [[-9.4090e-01,  3.5794e-01,  5.1115e-01,  ..., -7.7870e-01,
             -7.0377e-01, -9.3990e-01],
            [ 4.6372e-05, -6.6922e-01,  4.3314e-01,  ..., -7.7464e-01,
             -2.0052e-01, -6.9289e-01],
            [ 4.9782e-01, -7.1668e-01, -9.8324e-01,  ...,  8.2481e-02,
              1.2726e-01,  1.9157e-01],
            ...,
            [ 3.0150e-01,  1.5848e-01,  5.4181e-01,  ..., -5.9927e-01,
             -9.3122e-01, -6.3461e-01],
            [ 6.7001e-02,  3.4612e-01,  1.3768e-02,  ...,  3.3113e-02,
             -8.2816e-01,  2.1907e-01],
            [-6.6105e-01,  1.7672e-01,  8.7479e-02,  ..., -7.4290e-01,
              4.5855e-01, -8.5623e-01]],

           [[ 3.2997e-01,  2.1459e-01,  6.2559e-01,  ..., -7.3160e-01,
             -4.7904e-01,  1.4819e-01],
            [ 7.0799e-01, -4.8013e-01, -6.0198e-01,  ..., -2.3993e-01,
              7.1830e-01,  9.0190e-01],
            [-2.1179e-01,  2.0578e-01,  4.3773e-01,  ...,  3.4903e-01,
              9.5794e-01,  9.6312e-01],
            ...,
            [-6.0913e-01, -7.6022e-01, -2.9528e-01,  ...,  4.0708e-01,
             -2.9411e-01, -1.9690e-01],
            [-9.4262e-01, -4.5481e-01,  9.7190e-01,  ..., -4.2817e-02,
              3.0028e-01, -1.2242e-01],
            [ 9.8524e-01, -1.1343e-01, -4.5669e-01,  ...,  8.2385e-01,
              7.4249e-01, -3.2784e-01]],

           ...,

           [[-9.2729e-01, -4.7569e-02,  4.5612e-01,  ...,  1.1332e-01,
              5.0111e-01,  6.9430e-02],
            [ 3.6247e-02,  3.1194e-02,  8.7633e-01,  ..., -1.3965e-01,
              3.4600e-01,  9.6395e-01],
            [ 8.1807e-01,  3.6144e-01,  2.0357e-01,  ..., -7.3296e-01,
              8.4460e-02, -5.4512e-01],
            ...,
            [-2.5883e-01, -4.0509e-01,  8.6322e-01,  ..., -4.8359e-01,
             -8.3489e-01,  6.2067e-01],
            [ 2.5764e-01,  6.6011e-01,  8.6619e-01,  ..., -7.9416e-01,
              9.1953e-01,  8.3511e-01],
            [-4.3851e-02,  4.7522e-01,  1.2314e-01,  ..., -9.5882e-01,
              9.6891e-01, -1.2607e-02]],

           [[ 9.2853e-01, -6.8685e-01, -2.7854e-01,  ..., -2.5722e-01,
             -6.4373e-01, -1.3707e-01],
            [ 5.6047e-01,  8.5252e-01, -3.0381e-01,  ...,  5.7819e-01,
              7.9293e-01,  5.9185e-01],
            [ 3.7743e-01,  6.7315e-01,  3.0361e-01,  ...,  2.3126e-01,
             -4.7325e-01, -8.7758e-01],
            ...,
            [-9.5962e-01,  4.4917e-01, -5.4170e-01,  ..., -7.3641e-01,
             -4.1409e-01,  2.4543e-01],
            [ 9.0357e-01,  1.1572e-01,  3.7935e-01,  ...,  1.0563e-01,
             -3.8129e-01, -3.3645e-01],
            [-4.1445e-01, -5.9535e-01, -5.9851e-01,  ...,  2.5617e-01,
             -6.0809e-01, -8.0457e-01]],

           [[-9.9526e-01, -5.3045e-01,  5.5839e-01,  ..., -3.3055e-02,
              7.2833e-01, -4.5714e-01],
            [ 9.3312e-01,  4.5614e-01,  4.9024e-01,  ...,  6.3131e-01,
              7.3971e-02,  6.4547e-01],
            [-2.6107e-01,  3.4221e-02, -6.5582e-01,  ...,  3.4158e-01,
              9.2964e-02, -2.1175e-01],
            ...,
            [ 1.1911e-01, -5.9810e-01,  4.4138e-01,  ..., -8.0790e-01,
              7.9873e-01,  9.1386e-01],
            [ 7.5296e-01,  4.0845e-01, -7.1256e-01,  ...,  7.4016e-01,
              9.9772e-01,  6.2602e-01],
            [-3.4125e-01,  2.9217e-01, -9.3515e-01,  ...,  9.7254e-02,
             -3.9162e-02, -2.3290e-01]]],


          [[[-4.6525e-01,  5.7292e-01,  7.6534e-01,  ...,  6.6473e-01,
             -4.8943e-01, -4.1349e-02],
            [ 1.7875e-01,  3.6698e-01,  1.0348e-01,  ..., -4.8311e-01,
             -9.2430e-01,  2.7621e-01],
            [-7.1354e-01, -2.2274e-02,  3.9632e-01,  ...,  8.2887e-01,
              7.3860e-01, -9.6315e-01],
            ...,
            [-2.6113e-01,  1.0808e-03, -2.9338e-01,  ...,  3.7199e-02,
             -3.7903e-01,  3.8551e-01],
            [ 4.8960e-01,  3.3910e-02, -5.8797e-01,  ..., -8.4004e-01,
             -8.8414e-01,  8.7974e-01],
            [ 8.3181e-01, -9.4119e-01, -1.8692e-01,  ..., -9.0631e-01,
             -1.0313e-01, -8.5264e-01]],

           [[-3.1933e-01, -7.9620e-01,  4.9401e-01,  ...,  7.8589e-01,
             -4.4094e-02,  2.8917e-01],
            [ 2.5960e-01, -3.8334e-01, -9.2532e-02,  ...,  8.4483e-01,
              9.4143e-01, -2.4429e-01],
            [ 5.4485e-01, -5.7946e-01,  3.2041e-01,  ..., -2.4990e-01,
             -2.4593e-02, -5.6360e-02],
            ...,
            [-6.4982e-01, -7.5074e-02,  5.8429e-01,  ...,  8.4801e-01,
             -6.4671e-01, -9.6085e-01],
            [-4.6984e-02,  7.7004e-01,  6.6410e-01,  ..., -3.1262e-01,
              6.2544e-01,  1.9017e-01],
            [-4.9866e-01, -5.6785e-01,  6.6886e-01,  ..., -2.9459e-01,
              9.0762e-02,  5.8016e-01]],

           [[ 9.0922e-01,  4.3358e-01, -2.6574e-01,  ..., -7.7042e-01,
              3.0995e-01, -7.1922e-01],
            [ 4.3115e-01, -9.8040e-01, -8.7902e-01,  ..., -5.4351e-01,
              1.2161e-02, -7.9141e-02],
            [ 8.8065e-01, -3.6603e-02, -6.6296e-01,  ...,  9.2621e-02,
             -7.6233e-01, -7.0412e-01],
            ...,
            [-6.5704e-01, -2.0537e-01,  5.2336e-02,  ..., -9.4545e-01,
             -3.1452e-02, -3.6479e-01],
            [ 1.4387e-01, -1.8033e-01,  7.4083e-01,  ..., -7.0857e-01,
              3.4177e-01, -8.8561e-04],
            [ 5.2787e-01,  5.5301e-01,  8.9646e-02,  ...,  2.2927e-01,
              2.3037e-02, -4.9311e-01]],

           ...,

           [[-1.1102e-01,  9.3468e-01,  5.3998e-01,  ..., -9.3015e-01,
              7.0207e-01, -6.2403e-01],
            [-6.8040e-01,  2.5339e-02, -7.6048e-01,  ..., -3.0927e-01,
             -9.7088e-02,  4.0398e-01],
            [-5.8354e-01, -6.0866e-01,  4.3544e-01,  ...,  7.3561e-01,
              2.4982e-01,  2.1825e-01],
            ...,
            [ 9.3550e-01, -8.8592e-01,  4.6565e-02,  ..., -6.2962e-01,
             -4.6908e-01, -7.2254e-01],
            [ 7.2732e-01,  7.1782e-01, -6.2226e-01,  ...,  2.1832e-01,
             -9.7828e-01,  6.8247e-01],
            [-6.5402e-01,  3.5491e-01,  8.8731e-01,  ...,  2.3229e-02,
             -6.3995e-01,  6.0107e-01]],

           [[ 2.2156e-01,  8.8160e-01, -9.5291e-01,  ..., -1.9558e-01,
              6.2221e-01, -9.1532e-01],
            [-6.1273e-02,  7.3360e-01,  4.4408e-01,  ..., -2.8914e-02,
              8.8925e-01,  7.9877e-01],
            [ 3.5554e-01, -8.7379e-01,  3.5476e-01,  ..., -4.0705e-02,
             -6.1962e-01,  4.0600e-01],
            ...,
            [ 3.1444e-01, -7.4376e-01, -2.4544e-01,  ..., -1.3376e-01,
              8.0074e-01, -9.4784e-01],
            [-6.9855e-01, -8.7220e-01, -3.0001e-01,  ...,  4.0073e-01,
              7.8178e-01, -5.5748e-01],
            [-4.1226e-01, -3.2621e-01, -5.4513e-01,  ...,  9.5887e-01,
             -2.1443e-01,  5.3521e-01]],

           [[-5.1405e-01, -4.3102e-01,  7.3110e-01,  ...,  9.1872e-01,
              7.6940e-01, -4.0233e-01],
            [ 1.5706e-01,  5.3443e-01, -8.3007e-01,  ...,  4.2717e-01,
             -6.2862e-01,  5.4984e-01],
            [ 1.5953e-01, -3.6807e-01,  7.8730e-01,  ..., -4.7187e-01,
             -9.0421e-01, -4.9585e-01],
            ...,
            [-1.1789e-01,  8.4555e-01, -6.3644e-01,  ..., -8.6866e-01,
             -5.4244e-01,  8.6077e-01],
            [ 7.7613e-01, -4.2507e-01,  5.2601e-01,  ...,  9.2850e-01,
             -5.9904e-01,  4.1493e-02],
            [-5.2828e-01, -4.8699e-01,  5.0998e-03,  ...,  2.7543e-01,
             -5.4887e-01,  6.6711e-01]]],


          [[[ 3.5892e-01, -7.6062e-01,  7.6727e-01,  ..., -5.8435e-01,
             -3.6095e-01, -6.1350e-01],
            [-4.5001e-01, -9.0942e-02,  4.0873e-01,  ..., -9.5216e-01,
             -2.6673e-01, -2.3101e-01],
            [ 3.3885e-01,  5.0300e-01,  4.2062e-02,  ...,  9.5116e-02,
             -3.6424e-01,  6.3381e-02],
            ...,
            [ 2.8304e-01, -3.7747e-01,  9.6714e-01,  ...,  7.4496e-01,
              1.3475e-01, -3.3686e-01],
            [ 3.8716e-01, -3.6270e-01, -6.9545e-01,  ...,  3.1457e-01,
              6.7475e-01,  5.3618e-01],
            [ 8.3335e-01, -7.0291e-01,  9.4303e-01,  ...,  9.8191e-01,
              8.8860e-01,  4.8040e-01]],

           [[-8.1499e-01,  7.4957e-01, -3.1297e-01,  ..., -8.6585e-02,
              8.9545e-01,  1.0715e-01],
            [ 3.1977e-01, -6.0840e-01, -8.6101e-01,  ..., -7.5713e-01,
             -3.7560e-01,  3.5433e-01],
            [ 5.8392e-01, -1.8433e-01, -3.6359e-01,  ...,  6.8964e-01,
             -9.1854e-01, -3.3259e-01],
            ...,
            [-7.3384e-01,  7.4259e-01,  5.1732e-01,  ...,  1.6368e-01,
             -3.9277e-01,  7.0349e-01],
            [-8.5083e-01,  8.2134e-02, -1.3412e-01,  ..., -2.0915e-01,
             -2.2998e-01,  6.8200e-01],
            [-3.2866e-01, -4.4478e-01,  3.3840e-01,  ..., -5.7100e-01,
              1.2563e-02, -6.2752e-02]],

           [[ 5.7937e-01, -6.4123e-01,  7.8988e-01,  ...,  3.2534e-02,
              9.8458e-01,  9.6159e-01],
            [ 3.1140e-01, -9.4270e-01,  6.3403e-01,  ...,  6.2600e-01,
              2.3135e-01, -9.3021e-01],
            [ 1.4230e-01, -5.1506e-01,  1.5211e-01,  ..., -8.6657e-01,
              3.1109e-01, -8.6727e-01],
            ...,
            [-3.6949e-01, -8.6954e-02,  8.5385e-01,  ..., -2.8891e-01,
              2.9691e-01,  4.8539e-01],
            [ 4.1557e-01,  8.0664e-01,  2.2099e-01,  ..., -2.1882e-01,
              2.2420e-01,  8.3897e-01],
            [ 6.7246e-01, -5.6335e-02,  5.1244e-01,  ..., -2.0552e-01,
             -8.2878e-01,  9.1961e-01]],

           ...,

           [[ 3.8541e-01, -6.9599e-01,  9.8712e-01,  ..., -8.3459e-01,
              4.1611e-01,  8.4935e-01],
            [ 7.2420e-01, -7.0930e-01, -5.7247e-01,  ...,  2.8303e-01,
              7.7114e-01,  6.3890e-01],
            [-8.3687e-01, -5.7727e-01,  7.1120e-01,  ...,  7.5553e-01,
              9.6841e-01,  3.0042e-01],
            ...,
            [ 3.5869e-01,  7.7343e-01, -2.3815e-01,  ...,  3.3320e-01,
             -5.0956e-01, -5.0397e-01],
            [-8.5537e-01,  1.1562e-01, -5.7849e-01,  ..., -6.0216e-01,
              9.5889e-01,  9.4159e-01],
            [ 8.7212e-02,  3.9787e-01, -1.5343e-01,  ..., -4.7102e-01,
              6.5225e-01,  4.3494e-01]],

           [[-5.2466e-02, -8.4043e-01,  5.1157e-01,  ...,  1.7578e-01,
             -5.1960e-01,  7.3187e-02],
            [-2.4348e-01, -6.6224e-01, -8.4920e-01,  ...,  1.7112e-01,
              3.4420e-01,  5.7189e-01],
            [-5.3233e-01, -1.5901e-01,  7.8047e-01,  ...,  5.4025e-01,
             -4.2286e-01, -5.1927e-01],
            ...,
            [ 3.4070e-01, -8.1515e-01,  3.2972e-01,  ...,  2.9831e-01,
             -6.8078e-01, -1.1675e-01],
            [ 2.7833e-01,  6.0161e-01, -4.0057e-01,  ..., -1.7954e-01,
             -8.1971e-01, -1.1150e-01],
            [-2.3444e-01, -7.5793e-01, -7.2297e-01,  ..., -3.7347e-01,
              7.0555e-01, -6.2400e-01]],

           [[ 1.1480e-01,  4.6672e-01,  4.0893e-01,  ...,  8.3929e-01,
              6.3851e-02, -7.3217e-01],
            [-3.9359e-01,  2.3327e-01,  2.2471e-01,  ..., -9.4000e-01,
             -3.5097e-01,  1.2853e-01],
            [-8.7032e-01,  4.9563e-01, -2.2442e-01,  ..., -5.3355e-01,
              3.3704e-01,  4.0704e-01],
            ...,
            [ 5.9367e-01,  7.5302e-02, -9.5897e-01,  ..., -4.6240e-02,
             -2.0073e-01,  1.3272e-01],
            [-1.2007e-01, -9.5804e-01,  3.7584e-01,  ...,  5.0602e-01,
             -1.8289e-02,  2.2331e-01],
            [ 2.1652e-01,  7.3086e-01, -6.7354e-01,  ..., -9.2897e-02,
              1.8434e-01, -2.4168e-01]]]],



         [[[[-7.0716e-02, -1.2379e+00,  4.7876e-01,  ..., -1.8136e-01,
             -9.9807e-02,  2.8097e-01],
            [ 2.1906e-02, -1.1595e+00,  6.5667e-01,  ..., -3.0652e-04,
             -2.4513e-01,  7.7232e-02],
            [ 3.8709e-01,  4.9651e-01,  1.5829e-01,  ..., -5.8733e-01,
             -3.3504e-02,  4.3873e-01],
            ...,
            [-5.6163e-01,  3.1926e-01, -6.2063e-01,  ...,  9.0977e-01,
             -5.5887e-01, -5.0060e-01],
            [-2.8688e-01, -2.3013e-02,  5.8378e-01,  ..., -6.3828e-01,
              7.1780e-01,  7.6862e-01],
            [ 8.7892e-02, -5.7191e-01, -7.7361e-01,  ...,  9.4248e-01,
             -1.1562e+00,  6.5065e-01]],

           [[ 5.5049e-01,  1.1820e-01, -8.8174e-01,  ...,  7.6312e-01,
             -2.2804e-01, -1.4328e+00],
            [-3.6746e-01, -1.0896e+00,  3.1019e-01,  ...,  2.6048e-01,
              4.5217e-01, -7.9167e-01],
            [-6.5900e-01,  5.2096e-01, -1.7641e-01,  ...,  9.4722e-01,
             -9.6191e-01,  8.1055e-02],
            ...,
            [-9.6288e-02,  3.6098e-01, -1.0596e-03,  ...,  1.2994e+00,
             -1.1564e+00,  3.0449e-01],
            [ 3.9119e-01, -8.2397e-01,  4.6891e-02,  ..., -3.5815e-01,
              1.1400e+00,  5.0072e-01],
            [ 1.9893e-01,  5.7862e-01, -8.7786e-01,  ...,  1.8278e-01,
             -1.2303e-01,  4.4306e-01]],

           [[ 5.7776e-01, -6.7915e-01, -3.0856e-01,  ..., -8.2672e-02,
              6.6346e-01,  5.3140e-01],
            [ 1.3635e-01, -5.8250e-01, -1.7422e-01,  ..., -4.5765e-01,
             -1.1407e+00, -1.6713e-01],
            [-4.1576e-01, -3.1403e-02, -2.8988e-01,  ..., -1.1221e+00,
             -9.9695e-03, -9.2116e-02],
            ...,
            [ 3.8014e-01, -9.6175e-01, -1.0339e+00,  ...,  9.4488e-01,
             -9.1414e-01, -4.6708e-01],
            [ 4.8593e-01, -4.8206e-01,  3.0314e-01,  ...,  2.5857e-01,
             -1.9383e-01,  6.6548e-01],
            [-2.5631e-01,  9.6604e-02, -5.9881e-01,  ...,  4.9050e-01,
             -4.8576e-01, -5.5189e-01]],

           ...,

           [[-6.1339e-02, -1.1103e+00,  2.5336e-01,  ...,  3.1489e-01,
             -1.7728e-02, -5.0970e-01],
            [ 6.9859e-01, -1.1179e+00, -1.5043e-01,  ...,  1.4583e-01,
             -7.2394e-01,  4.9285e-01],
            [-1.5684e-01, -5.9618e-01,  6.3086e-02,  ...,  2.7697e-01,
             -4.9339e-01,  3.6235e-01],
            ...,
            [-8.2346e-01,  3.4560e-01,  2.4036e-01,  ...,  5.4014e-02,
             -6.7141e-01,  7.0606e-01],
            [-3.8339e-01,  1.4788e+00, -1.3225e-01,  ..., -7.5867e-01,
              1.7949e-01,  1.1823e-01],
            [-4.6633e-01,  5.8731e-01, -7.1410e-01,  ...,  9.4232e-01,
              1.7741e-01, -1.1522e+00]],

           [[ 7.5086e-01, -3.5662e-01,  9.7997e-01,  ...,  1.2627e+00,
              7.0858e-01, -7.6003e-01],
            [ 2.6069e-01,  3.4285e-01,  7.9109e-01,  ...,  1.4178e-01,
              6.0616e-01, -2.6722e-01],
            [-1.0345e+00, -3.7055e-01, -1.0382e+00,  ..., -1.8563e-01,
             -1.3371e-01,  1.3662e-01],
            ...,
            [ 5.3165e-01, -1.0757e+00,  2.4426e-01,  ...,  7.6018e-01,
             -2.2692e-01, -1.9725e-01],
            [ 5.5854e-01,  8.5176e-01, -3.1001e-01,  ...,  1.0341e-01,
             -9.4549e-01, -1.2765e-01],
            [-7.3132e-02,  1.1135e+00, -4.9239e-01,  ...,  1.2504e+00,
              2.3366e-01, -6.2392e-01]],

           [[-7.9470e-01,  1.2295e-01,  1.4611e-01,  ...,  1.1057e+00,
             -2.9823e-01, -4.8886e-01],
            [-2.9737e-01, -1.0579e+00,  9.0266e-01,  ..., -3.4663e-01,
             -2.5346e-01, -9.7827e-01],
            [-7.0366e-01,  9.2537e-02, -5.3139e-01,  ...,  4.8717e-01,
              7.7520e-01,  4.4551e-01],
            ...,
            [ 4.5497e-01,  7.2513e-02, -2.5013e-01,  ...,  1.4962e-01,
              1.8458e-01,  1.1886e+00],
            [-6.5777e-01,  1.1503e+00, -3.8260e-01,  ...,  7.0363e-01,
              6.3920e-01,  1.2905e+00],
            [ 7.9167e-01,  1.4377e+00, -1.5070e-01,  ..., -7.8139e-01,
             -1.1978e+00, -2.7144e-01]]],


          [[[-4.8504e-01, -1.6974e-01, -5.7889e-02,  ...,  1.1028e-01,
             -3.0572e-01, -9.1292e-01],
            [ 3.2733e-01, -4.6408e-01,  2.4387e-01,  ...,  6.1403e-01,
             -4.7557e-01,  3.2570e-01],
            [ 1.7625e-01,  3.2483e-01, -8.8175e-01,  ..., -5.0903e-01,
             -6.6978e-01,  5.3593e-01],
            ...,
            [ 4.7451e-01, -4.4964e-01,  1.1683e-01,  ...,  1.7405e-01,
             -9.8583e-01,  5.1578e-01],
            [ 6.6208e-01, -8.4148e-01,  9.5231e-01,  ...,  4.2634e-01,
             -2.7170e-01,  4.3384e-01],
            [ 3.4621e-01,  4.0106e-01,  3.2619e-01,  ..., -5.6079e-01,
              7.0490e-01,  3.4167e-01]],

           [[-2.8386e-01,  2.3713e-01,  5.2005e-01,  ..., -5.6270e-01,
             -7.0080e-01, -6.3741e-01],
            [-6.6763e-01, -8.6534e-01,  6.8999e-01,  ...,  9.8512e-01,
              5.8600e-01, -9.4178e-01],
            [ 3.7726e-01, -3.0870e-01,  8.4924e-01,  ..., -6.8533e-01,
              7.4628e-01, -2.0352e-01],
            ...,
            [-2.0375e-01,  1.1421e-02, -3.0668e-01,  ...,  9.3625e-01,
             -8.0632e-01, -1.4965e-01],
            [ 8.5646e-01,  2.5602e-01, -6.7594e-01,  ..., -6.2772e-01,
              5.5883e-01,  8.1637e-01],
            [-8.9669e-01, -8.4085e-01,  2.5096e-01,  ..., -4.4821e-01,
              9.3619e-03,  7.2933e-01]],

           [[-2.5957e-01,  9.4621e-01,  1.1822e-01,  ..., -4.0733e-01,
              1.8202e-01,  4.1916e-01],
            [ 4.8762e-01,  5.0707e-01, -9.2278e-01,  ..., -4.0431e-03,
              3.7592e-01, -4.9635e-01],
            [-8.1443e-01,  8.7446e-01, -6.1766e-01,  ..., -5.6038e-01,
             -4.6603e-01,  5.2044e-01],
            ...,
            [-7.3131e-01,  1.1170e-01, -7.7082e-01,  ...,  2.2791e-01,
              5.9956e-01,  8.5070e-01],
            [-4.9213e-01, -7.4363e-01, -2.6266e-01,  ...,  1.9013e-01,
             -4.9395e-01,  4.5674e-01],
            [ 4.0223e-01,  4.5332e-01, -4.5093e-02,  ..., -9.3856e-02,
             -4.5353e-01,  1.5929e-01]],

           ...,

           [[ 4.6201e-01, -6.1436e-01, -9.6076e-01,  ..., -6.2798e-01,
              5.1700e-01, -1.5482e-02],
            [-6.6652e-01,  9.5616e-01,  8.3487e-01,  ..., -5.0199e-01,
              1.9374e-01, -3.7574e-01],
            [-6.2632e-01,  9.0753e-01, -8.7065e-01,  ...,  6.7679e-01,
              5.4504e-01, -2.5100e-01],
            ...,
            [-9.5777e-01,  9.6702e-01,  6.3406e-01,  ...,  9.3159e-02,
              5.4057e-01, -8.0827e-01],
            [-7.6515e-01, -7.8528e-01,  3.3716e-01,  ..., -5.7951e-01,
              7.7721e-02,  5.7978e-01],
            [-6.3757e-01,  3.8373e-01,  1.9119e-01,  ...,  1.0411e-01,
              3.6237e-01, -2.5451e-01]],

           [[ 3.9613e-02, -9.0502e-01, -3.1663e-01,  ..., -9.8525e-01,
              1.0760e-01, -3.2754e-01],
            [ 7.8569e-01,  3.2954e-01,  9.0547e-01,  ...,  7.4146e-01,
              1.5533e-01,  1.0666e-01],
            [-9.4122e-01, -3.8927e-01,  3.0958e-01,  ...,  8.8839e-01,
              9.3383e-01,  2.4399e-01],
            ...,
            [-9.8119e-01, -7.5538e-01,  8.8577e-01,  ..., -2.8219e-01,
             -6.5138e-01,  2.2753e-01],
            [-1.8308e-01,  1.1909e-01,  5.5691e-01,  ...,  4.3293e-03,
             -2.9951e-01,  3.6705e-01],
            [ 8.2748e-01,  7.4202e-01, -6.1945e-01,  ..., -4.9892e-01,
              3.9312e-01,  5.4077e-01]],

           [[-8.0491e-01,  3.9448e-01, -5.0459e-01,  ..., -6.4584e-02,
             -4.9159e-02,  2.6999e-01],
            [ 8.3755e-01, -8.1115e-01, -8.3306e-01,  ...,  1.6823e-03,
             -4.2750e-01,  7.8747e-01],
            [ 3.9007e-02, -5.6469e-01, -8.9497e-01,  ..., -2.4775e-01,
             -7.6756e-01,  7.1270e-02],
            ...,
            [-2.2598e-01, -1.4266e-01,  3.6394e-01,  ...,  7.3908e-02,
              3.5401e-01,  4.2757e-01],
            [ 1.5640e-01, -4.5585e-01, -1.2017e-01,  ...,  5.0524e-01,
             -9.5797e-01,  3.3474e-01],
            [-7.3209e-01, -7.2200e-01,  7.6270e-02,  ..., -3.5430e-01,
             -6.4112e-01, -7.1834e-01]]],


          [[[-8.6981e-01,  6.4437e-01,  6.0091e-01,  ...,  5.8874e-01,
              2.9523e-01, -1.3010e-01],
            [-8.3738e-01,  8.5552e-01, -8.0876e-01,  ...,  5.5511e-01,
             -7.1548e-01,  9.4750e-01],
            [ 1.1782e-01,  4.0106e-01,  4.1520e-01,  ...,  8.7001e-01,
             -3.9553e-01, -6.0899e-01],
            ...,
            [ 5.5790e-02, -4.4812e-01, -8.3779e-01,  ...,  3.2631e-02,
             -3.9978e-01,  9.3975e-01],
            [-8.3463e-01, -1.3117e-02, -5.2225e-01,  ...,  1.2028e-01,
             -6.9445e-01, -6.6590e-01],
            [-9.2067e-01,  9.1575e-01,  9.7389e-01,  ..., -5.0027e-01,
              4.1409e-01,  1.2388e-01]],

           [[-5.7554e-01,  2.6621e-01, -5.1750e-01,  ..., -7.6911e-01,
              9.2080e-01, -8.8797e-01],
            [ 5.3712e-01, -2.8704e-01, -3.0119e-01,  ...,  1.8072e-03,
              9.7849e-01, -9.2715e-01],
            [-4.4524e-01,  6.9953e-01,  1.7861e-01,  ..., -4.1778e-01,
              5.3647e-02, -6.9917e-01],
            ...,
            [-8.5900e-01, -6.7819e-01, -4.5296e-01,  ..., -4.6851e-01,
             -6.2661e-01, -4.6348e-01],
            [-2.0784e-01,  1.3696e-02,  8.6409e-02,  ..., -3.9910e-01,
             -8.5959e-01, -3.0860e-01],
            [-7.9096e-01, -1.8319e-01, -7.1991e-01,  ...,  2.1258e-01,
              2.4400e-01,  9.5776e-02]],

           [[ 1.8312e-01, -8.8543e-01, -1.6494e-01,  ..., -3.9255e-01,
              5.0507e-01,  1.5047e-01],
            [-6.4503e-01, -2.1518e-01, -2.1929e-01,  ...,  5.6869e-01,
             -3.3260e-01, -2.5202e-01],
            [ 3.1392e-01, -8.3307e-01,  8.6316e-01,  ...,  5.5067e-01,
              2.5817e-02, -1.0341e-01],
            ...,
            [-2.8944e-02,  1.4417e-01,  8.5504e-01,  ..., -4.0096e-02,
              9.5600e-01,  4.6453e-01],
            [ 1.4017e-01, -4.4055e-01, -2.6737e-01,  ...,  9.2349e-01,
             -1.3029e-01,  6.4443e-01],
            [ 1.5757e-02,  7.2155e-01, -5.8946e-01,  ...,  8.9815e-01,
             -8.4834e-01, -6.8693e-01]],

           ...,

           [[ 8.3346e-01, -2.0244e-01,  6.6651e-01,  ..., -9.1238e-01,
              2.9690e-01, -5.8463e-01],
            [ 6.4134e-01, -6.3101e-01, -7.0404e-01,  ..., -5.7244e-01,
              3.1346e-01,  2.6204e-01],
            [ 4.9811e-01,  3.8793e-02,  6.4425e-01,  ..., -9.6554e-03,
              9.3800e-01,  5.9324e-01],
            ...,
            [ 4.5525e-01,  8.5818e-01, -4.9932e-01,  ...,  7.1499e-01,
              4.3889e-01,  2.0963e-01],
            [ 7.4439e-01,  7.2692e-01, -9.4679e-01,  ...,  6.1587e-01,
             -6.2353e-01,  4.7495e-01],
            [ 1.6586e-01,  9.7329e-01, -4.3575e-01,  ...,  7.0984e-01,
             -1.1708e-01, -8.5829e-02]],

           [[-3.4356e-01,  1.1380e-01, -9.5260e-03,  ...,  1.7000e-01,
             -6.1683e-01, -2.3173e-01],
            [ 7.0765e-01, -8.6393e-01,  5.0434e-01,  ..., -2.0084e-03,
             -5.4548e-01, -5.8381e-01],
            [ 5.7531e-01,  6.2268e-01,  3.6012e-01,  ..., -3.1623e-01,
             -2.6979e-02, -9.4359e-01],
            ...,
            [-1.1204e-01,  6.8804e-02, -5.0082e-01,  ..., -5.6547e-01,
              5.6285e-01, -9.3897e-01],
            [ 1.0212e-01,  1.9428e-01,  5.2086e-01,  ...,  4.1368e-01,
             -5.4016e-01,  2.9535e-01],
            [ 6.9186e-01,  9.0166e-01, -1.9275e-01,  ..., -8.7856e-01,
             -1.6913e-01, -6.8144e-01]],

           [[-3.8954e-01, -1.2096e-01, -7.0011e-01,  ...,  4.2217e-01,
              3.7573e-01, -7.5323e-01],
            [-7.9513e-01, -7.5550e-01,  7.5822e-01,  ...,  7.1429e-01,
             -9.1731e-01, -3.3963e-01],
            [ 2.1208e-02,  7.0928e-01, -9.0242e-01,  ...,  8.7201e-02,
              4.0635e-01, -9.7821e-01],
            ...,
            [-8.2839e-04, -1.4652e-01,  3.4625e-01,  ...,  3.7406e-01,
             -9.3488e-01, -6.9943e-01],
            [-7.1953e-01,  1.1528e-01,  5.4571e-01,  ..., -7.8219e-01,
              4.2043e-01,  1.1467e-01],
            [-7.2650e-01,  1.3075e-01,  7.9665e-01,  ..., -7.2119e-01,
             -8.5629e-01,  8.5989e-01]]],


          ...,


          [[[-4.9851e-01, -2.0749e-01,  6.7221e-01,  ..., -6.2162e-02,
             -6.1525e-01,  6.8384e-01],
            [-2.0131e-01, -1.1603e-01,  8.4415e-01,  ..., -5.8941e-01,
             -5.7478e-01,  8.2801e-01],
            [ 2.9643e-01, -5.9515e-01, -7.5306e-01,  ...,  5.0624e-01,
             -8.3475e-01, -1.7403e-01],
            ...,
            [ 4.5877e-01, -9.5682e-01, -5.6546e-01,  ..., -5.7527e-01,
             -5.9780e-01, -9.4934e-01],
            [ 7.6512e-01,  2.1778e-01, -4.2153e-01,  ..., -1.5766e-01,
              8.6434e-01, -2.2072e-01],
            [ 6.4825e-01, -7.7511e-02,  1.9628e-01,  ..., -6.0031e-01,
              6.9622e-01, -9.0852e-01]],

           [[ 1.0363e-01, -9.3103e-01,  4.8460e-01,  ..., -8.7054e-01,
              3.4579e-02, -9.0558e-01],
            [-6.5777e-01, -9.1422e-01, -8.1174e-01,  ...,  5.6005e-01,
             -1.0428e-01,  5.6295e-01],
            [ 6.6981e-01,  3.1207e-01, -8.1838e-01,  ..., -6.9551e-01,
              1.7565e-01, -6.0413e-01],
            ...,
            [-3.1505e-01,  7.4211e-02,  3.7046e-01,  ..., -3.0530e-02,
             -7.1616e-02, -5.8457e-01],
            [-3.9554e-01, -1.5854e-01, -9.6850e-01,  ...,  6.1325e-01,
             -3.3462e-01, -3.4612e-01],
            [-7.3397e-02, -3.7985e-01, -6.9312e-02,  ..., -5.9421e-01,
             -1.4864e-01, -7.0344e-01]],

           [[ 8.2504e-01, -8.5683e-02, -2.3358e-02,  ..., -5.9852e-01,
              3.1724e-01, -7.7038e-02],
            [-6.7926e-01,  1.3821e-01, -1.6118e-01,  ...,  6.1279e-01,
              8.0761e-01, -1.4598e-01],
            [ 5.9699e-01,  3.5280e-01,  4.3076e-01,  ..., -3.7833e-01,
             -6.4071e-01,  5.3210e-01],
            ...,
            [-1.4665e-01,  5.5609e-02, -2.3686e-01,  ...,  5.8691e-01,
             -8.1883e-02,  7.7436e-01],
            [-7.3588e-01,  6.6749e-01, -4.0451e-01,  ...,  9.3851e-01,
              3.9778e-02,  5.4234e-01],
            [-3.9079e-01,  6.5668e-01, -9.8042e-01,  ...,  2.5912e-01,
              1.0707e-01,  7.4404e-02]],

           ...,

           [[ 4.5654e-01,  4.9986e-01, -6.4642e-01,  ...,  6.0909e-02,
             -5.0432e-01,  3.9023e-01],
            [-2.9618e-01, -6.2592e-01,  4.7616e-01,  ..., -5.3140e-01,
             -7.6348e-01, -9.1023e-01],
            [-4.3815e-01,  1.4730e-01, -7.8183e-01,  ...,  8.5301e-01,
             -3.2047e-01, -5.5954e-01],
            ...,
            [ 7.2595e-01,  7.7872e-01, -3.2449e-01,  ...,  6.5312e-01,
              3.5271e-02, -6.9640e-01],
            [ 6.9878e-01,  9.1855e-01,  5.4355e-01,  ..., -9.0938e-01,
             -4.9345e-01,  7.5919e-01],
            [-2.2324e-01,  2.9281e-01, -8.2212e-01,  ...,  7.3875e-01,
              2.8708e-01, -1.4939e-01]],

           [[ 3.0509e-02,  3.0125e-02,  1.4158e-01,  ...,  3.5671e-01,
              6.4472e-03,  1.8410e-01],
            [-7.9654e-01,  3.3543e-01, -8.2603e-01,  ...,  1.4617e-02,
             -5.4577e-01, -5.9176e-01],
            [ 5.0968e-01, -8.7504e-01, -6.6092e-01,  ..., -3.3190e-01,
              7.5937e-01, -9.6910e-01],
            ...,
            [-5.9562e-01,  3.4287e-01, -2.2707e-01,  ...,  2.6127e-01,
             -9.7836e-01,  4.1750e-01],
            [-8.1036e-01,  1.9040e-01,  7.9078e-01,  ..., -3.3275e-01,
             -9.1374e-01, -2.4769e-01],
            [ 4.6048e-01,  2.9071e-01, -1.8036e-01,  ...,  9.3378e-01,
             -9.9810e-01, -2.6643e-01]],

           [[-8.9209e-02,  7.0190e-01, -9.5995e-01,  ..., -1.3851e-01,
              8.1696e-01,  6.1994e-01],
            [ 4.7111e-01, -3.8520e-01,  2.2205e-01,  ...,  2.1906e-01,
              6.7786e-01, -4.8755e-01],
            [ 3.6101e-01, -4.7964e-02,  7.1758e-01,  ...,  4.4350e-01,
             -2.6348e-01,  4.7583e-01],
            ...,
            [ 1.8942e-01,  4.5905e-01, -2.0569e-01,  ..., -7.7489e-01,
             -2.3211e-01, -8.0554e-01],
            [-5.4656e-01,  8.8385e-01,  4.9947e-01,  ..., -4.5311e-01,
              9.9335e-01,  4.5074e-01],
            [-7.4603e-01, -2.0124e-01,  2.3234e-02,  ...,  5.8992e-01,
             -4.4290e-02, -8.9090e-02]]],


          [[[-2.7607e-01, -1.1028e-01,  7.2128e-01,  ..., -1.1911e-01,
             -2.4201e-01, -7.4118e-02],
            [-4.1664e-01,  5.4858e-01,  8.6018e-01,  ...,  5.6131e-01,
              7.7116e-01,  1.8797e-01],
            [ 1.6423e-01,  4.6342e-01,  2.3998e-01,  ...,  6.1279e-01,
             -9.9800e-01,  9.4888e-02],
            ...,
            [ 8.4108e-02, -7.4653e-01,  2.5202e-01,  ..., -7.3763e-01,
              8.0205e-01,  4.1515e-01],
            [-1.3401e-01, -5.0265e-01, -4.9394e-01,  ...,  7.1840e-02,
             -1.5470e-01, -4.8131e-01],
            [-4.4415e-01,  3.3024e-01,  5.2930e-01,  ...,  1.4659e-01,
             -6.3884e-01,  8.6119e-01]],

           [[-2.5515e-01, -2.5893e-01,  2.2666e-01,  ..., -1.7545e-01,
              8.0513e-01,  2.7508e-01],
            [ 8.8294e-01, -6.6540e-01,  1.3389e-01,  ..., -9.3919e-01,
             -3.3547e-02, -3.7839e-01],
            [-3.6567e-01, -2.2287e-01,  3.6994e-01,  ...,  9.8701e-01,
              8.4099e-01, -8.0191e-01],
            ...,
            [ 5.0198e-01, -7.8779e-01, -9.4867e-01,  ...,  5.7057e-01,
             -3.6120e-01, -6.0815e-01],
            [-5.8618e-01,  4.9618e-01,  7.1428e-01,  ..., -8.9083e-01,
              4.1820e-01, -3.9903e-02],
            [ 8.9623e-01, -9.1815e-01,  5.3953e-01,  ..., -6.1250e-01,
             -1.2690e-01, -9.8128e-01]],

           [[-5.5525e-01,  5.1501e-01, -3.6937e-01,  ..., -1.3675e-01,
              9.0436e-01,  7.6256e-01],
            [ 1.5784e-02, -5.8187e-01,  4.8185e-01,  ...,  4.9554e-02,
              6.1258e-01, -4.5846e-01],
            [ 7.3538e-01, -4.5196e-01, -9.7104e-01,  ...,  2.3639e-02,
             -8.2736e-02, -2.2639e-01],
            ...,
            [ 6.6417e-01, -1.5667e-01, -5.1858e-01,  ..., -6.7556e-01,
             -8.0501e-01, -1.1142e-01],
            [-8.1934e-01, -3.0932e-01, -5.3837e-01,  ...,  7.6436e-01,
             -9.0141e-01,  5.5776e-02],
            [ 8.8884e-01, -9.9071e-01, -7.7739e-01,  ..., -3.7755e-01,
             -6.8207e-01,  5.7287e-01]],

           ...,

           [[-8.7855e-01, -6.5711e-01, -4.2914e-01,  ...,  1.5643e-02,
             -9.2163e-01, -6.1053e-01],
            [ 4.0902e-01,  2.0951e-01,  2.1959e-01,  ...,  8.1845e-01,
              6.6158e-01,  9.5783e-01],
            [ 8.8193e-01,  4.1836e-01, -4.3109e-01,  ...,  7.3517e-01,
             -9.6549e-01,  8.6182e-01],
            ...,
            [-9.2175e-03,  6.9485e-01,  4.5401e-01,  ..., -1.7657e-01,
             -2.3597e-01,  6.6858e-01],
            [ 9.4567e-02, -5.7564e-01, -8.8504e-01,  ...,  2.8696e-01,
             -6.4484e-01, -4.5580e-01],
            [-6.9359e-01, -2.6812e-01, -9.2284e-01,  ...,  4.5180e-01,
              8.7851e-01, -6.8612e-01]],

           [[-6.4088e-02,  6.0858e-01,  3.2231e-01,  ..., -2.9012e-01,
             -6.0280e-01,  6.7957e-01],
            [ 5.8556e-01,  7.7486e-01,  7.5961e-01,  ...,  1.8104e-02,
             -4.8211e-01, -9.7624e-01],
            [ 9.3697e-01,  3.0506e-01, -2.7504e-01,  ..., -7.5315e-01,
             -2.3851e-02, -4.5381e-01],
            ...,
            [ 9.6011e-01, -6.1612e-01,  6.0892e-01,  ...,  2.1102e-01,
             -9.4021e-01, -2.5064e-01],
            [ 9.5385e-01,  8.4657e-01,  4.9995e-01,  ...,  5.5620e-01,
              4.1111e-01,  4.7389e-01],
            [-8.3711e-01, -6.8193e-01, -1.3454e-01,  ..., -4.0677e-01,
             -4.2170e-01,  1.1420e-01]],

           [[ 5.1403e-01,  3.7112e-01, -7.0722e-01,  ...,  4.2121e-01,
              5.9601e-01, -4.1819e-02],
            [-3.0652e-01,  3.5845e-01,  7.8004e-01,  ..., -4.6632e-01,
             -8.5230e-01, -7.3809e-01],
            [-2.7305e-01, -8.4594e-01, -7.2732e-01,  ..., -6.4692e-01,
             -5.1942e-01, -8.3338e-01],
            ...,
            [ 2.6583e-01,  4.1654e-01, -9.9857e-01,  ..., -7.3577e-01,
              2.3869e-02,  7.0756e-01],
            [-3.5226e-01,  2.6072e-01, -9.9940e-01,  ...,  6.3973e-01,
              4.1628e-01,  2.8889e-01],
            [-4.6736e-01, -9.6939e-01, -4.0110e-01,  ...,  8.5883e-01,
              5.5746e-01, -5.3865e-01]]],


          [[[-5.3822e-01,  3.5996e-01,  4.1715e-01,  ...,  1.4148e-01,
              3.3239e-01,  7.6523e-01],
            [-8.0566e-01, -5.4618e-01, -4.3922e-01,  ..., -5.4554e-02,
             -8.8309e-02,  1.9133e-01],
            [ 8.9393e-01, -7.9046e-01,  2.7090e-01,  ..., -9.7425e-01,
              1.3491e-01,  1.7190e-01],
            ...,
            [-1.4861e-01, -5.1437e-01,  5.0044e-01,  ...,  6.4049e-01,
             -6.3683e-01,  8.2626e-01],
            [-8.3571e-01,  6.6778e-01,  2.4592e-01,  ..., -6.9880e-01,
             -8.4899e-01, -8.1926e-01],
            [ 1.0369e-01, -4.0250e-02, -5.9802e-01,  ...,  5.3849e-01,
              5.0305e-01, -7.6332e-01]],

           [[ 6.6204e-01, -3.1463e-01,  9.8868e-02,  ..., -9.4017e-01,
             -6.9012e-01, -3.9905e-01],
            [ 8.5086e-01, -9.3946e-01,  8.9245e-02,  ..., -2.7597e-01,
              6.2415e-01,  9.5620e-01],
            [ 4.3522e-01,  7.7743e-01,  7.1823e-01,  ..., -6.5123e-01,
             -3.1819e-01, -4.6243e-01],
            ...,
            [ 1.9443e-04,  5.9060e-01,  9.1705e-01,  ..., -6.9838e-01,
             -1.8696e-01, -1.9174e-01],
            [ 7.9430e-01,  2.2952e-01,  1.7041e-02,  ...,  8.1819e-01,
              1.8928e-02,  6.8261e-01],
            [-8.9220e-01, -7.4638e-01, -6.1787e-01,  ..., -7.5039e-01,
              1.9196e-01, -9.2012e-01]],

           [[-1.4553e-01,  3.3709e-01, -8.7881e-01,  ..., -6.1545e-01,
              7.6477e-01, -4.7880e-01],
            [-7.2706e-01, -6.3681e-01,  9.3847e-01,  ..., -7.3369e-01,
             -8.6688e-01, -8.4265e-01],
            [ 6.9762e-01, -8.9656e-01,  7.1037e-01,  ...,  1.0449e-01,
              4.7446e-01,  2.2959e-01],
            ...,
            [ 5.3422e-01,  4.7285e-02,  6.1068e-01,  ..., -7.0776e-01,
              2.7522e-01, -9.7466e-01],
            [-5.9014e-01, -1.5859e-01, -8.5164e-01,  ...,  3.2888e-01,
             -4.1729e-01,  4.2549e-02],
            [ 4.0995e-01, -6.0160e-02, -6.3534e-02,  ..., -3.5235e-01,
             -1.5076e-01, -3.7547e-01]],

           ...,

           [[ 4.5984e-01, -4.8094e-01, -9.1177e-01,  ...,  4.3611e-01,
              1.5666e-01, -5.5169e-01],
            [-4.3201e-01,  5.2508e-01, -2.3551e-01,  ...,  8.0435e-01,
             -7.0489e-01,  8.7121e-01],
            [ 5.3900e-01, -9.4960e-02, -5.8140e-02,  ..., -7.6780e-01,
             -1.5683e-01, -9.9617e-01],
            ...,
            [ 5.0309e-01, -3.2439e-01,  6.5009e-01,  ...,  9.3317e-01,
             -7.1352e-01,  8.3400e-02],
            [-8.2024e-02, -8.8185e-01, -8.7377e-01,  ..., -2.5091e-02,
             -1.8107e-01,  5.0938e-01],
            [ 7.1997e-01,  3.3497e-01,  1.6621e-01,  ..., -5.4086e-01,
             -6.1274e-01, -2.5410e-01]],

           [[ 7.6552e-01, -4.4155e-01, -4.3843e-02,  ..., -2.7259e-02,
              4.4766e-01,  1.1030e-01],
            [-4.7847e-01,  5.0470e-01,  5.8232e-01,  ...,  2.0162e-01,
             -3.9191e-01, -1.0480e-02],
            [-6.5515e-01, -3.1312e-01, -3.0556e-02,  ..., -4.3022e-01,
              9.4926e-01,  7.7726e-01],
            ...,
            [-2.6752e-01,  1.4222e-01, -8.1369e-01,  ...,  6.8401e-01,
              2.7857e-01, -4.6251e-01],
            [ 7.4180e-01,  4.3907e-01,  8.7169e-01,  ...,  3.5663e-01,
             -9.4961e-01,  8.7550e-01],
            [-4.7843e-01, -3.3569e-01,  7.9349e-01,  ..., -1.4536e-01,
              4.4048e-01,  4.3943e-01]],

           [[-1.0609e-02,  4.8536e-01, -2.3961e-01,  ..., -1.2552e-02,
              6.0552e-01, -6.2667e-01],
            [-1.0123e-01,  2.1386e-01, -5.6179e-02,  ...,  8.0272e-01,
             -7.7870e-01, -8.4965e-02],
            [ 2.6540e-01, -1.8774e-01, -1.2360e-01,  ...,  5.3761e-01,
              8.0947e-01, -4.5045e-01],
            ...,
            [ 9.8305e-01, -1.1655e-01,  5.5928e-01,  ..., -7.1765e-01,
              7.4015e-01,  4.7656e-01],
            [-5.4345e-01, -2.3989e-02, -2.8405e-01,  ..., -5.0208e-01,
              4.9676e-01, -8.6416e-01],
            [-2.4098e-02, -9.8371e-01, -5.6469e-01,  ...,  3.4417e-01,
              8.4016e-01, -9.3354e-01]]]]],




        ...,




        [[[[[-6.4386e-01, -8.6571e-01,  7.0659e-01,  ..., -7.6227e-01,
              7.7094e-01, -1.0363e-01],
            [ 4.6940e-02, -1.1740e-01, -2.9725e-03,  ...,  4.6979e-01,
             -5.4526e-01, -1.6859e-01],
            [-9.9170e-01,  8.6849e-01,  8.3459e-01,  ...,  4.9013e-01,
             -6.1048e-01, -9.3324e-01],
            ...,
            [ 5.8251e-01, -1.1158e-01,  2.8031e-01,  ..., -8.1529e-01,
             -7.2067e-01,  3.9472e-01],
            [-8.9938e-01, -7.9104e-01, -4.0459e-02,  ...,  1.1538e-02,
              6.3182e-01, -4.5531e-02],
            [-1.9807e-01, -9.0590e-01,  1.5671e-01,  ...,  5.6389e-01,
             -5.4886e-01,  8.3057e-01]],

           [[-9.8605e-01, -1.9261e-01,  2.5683e-02,  ...,  6.7301e-01,
             -3.9860e-01, -3.4293e-02],
            [ 3.3059e-01, -5.4937e-01, -3.8739e-01,  ..., -2.7472e-01,
             -1.5065e-01, -4.2770e-01],
            [ 1.2063e-01, -2.3001e-01,  5.2234e-01,  ...,  8.8106e-01,
              7.4019e-01, -2.6768e-01],
            ...,
            [-7.5283e-01,  7.1148e-01, -1.7479e-02,  ..., -3.8090e-01,
              5.8288e-01,  2.8835e-02],
            [-5.9408e-01, -7.6024e-01, -5.1141e-01,  ..., -9.4278e-01,
             -2.9227e-01, -5.1096e-01],
            [-2.3610e-01,  5.1982e-01, -2.3024e-01,  ..., -2.6357e-01,
             -2.0202e-01,  2.7190e-01]],

           [[-4.2904e-01,  3.8257e-01,  1.2622e-01,  ..., -2.7156e-04,
              6.0883e-01,  1.7024e-01],
            [-2.4834e-01,  2.0010e-01, -7.3722e-01,  ...,  8.2084e-01,
              1.7652e-01, -7.4208e-01],
            [ 1.0363e-01, -5.4516e-01,  1.1797e-01,  ...,  4.5064e-01,
             -6.1290e-01, -7.3437e-01],
            ...,
            [-3.1364e-01, -2.2554e-01,  8.6618e-01,  ..., -3.7180e-01,
              4.1816e-01, -1.3548e-01],
            [ 9.9808e-02,  6.4288e-01, -1.5607e-01,  ...,  6.4387e-01,
             -4.6790e-01, -8.4450e-01],
            [ 3.7880e-01, -7.8817e-01, -6.2601e-01,  ...,  9.0508e-01,
             -6.3046e-01, -1.0725e-01]],

           ...,

           [[ 9.5573e-01, -2.9222e-01, -2.9318e-01,  ...,  4.1439e-01,
             -8.6187e-01, -5.6700e-01],
            [ 1.5838e-01,  8.1186e-01, -6.2005e-01,  ...,  2.0014e-01,
             -6.1273e-01, -1.6484e-01],
            [-3.0846e-01, -9.0401e-01,  4.1768e-02,  ..., -9.0246e-01,
             -7.3088e-01,  5.6402e-01],
            ...,
            [ 2.4141e-02, -1.6772e-01,  6.0954e-01,  ..., -6.0422e-01,
              3.8827e-01,  7.2700e-01],
            [ 7.1133e-01, -9.0688e-01,  2.8147e-01,  ...,  2.3955e-01,
              9.1388e-01, -5.8782e-01],
            [ 9.4006e-02,  2.0210e-03,  4.7405e-01,  ...,  1.7256e-01,
              9.5724e-01,  3.7286e-01]],

           [[-3.7198e-01, -5.7299e-01, -9.3348e-01,  ...,  8.5838e-01,
             -7.9400e-01, -6.4153e-01],
            [ 7.8860e-01,  1.7736e-01,  2.6479e-01,  ..., -1.9573e-01,
             -5.4251e-01,  3.7931e-02],
            [ 6.1035e-01,  5.5833e-01, -3.1247e-01,  ...,  4.9665e-01,
             -4.7807e-01, -5.6128e-01],
            ...,
            [ 8.2662e-01, -4.2598e-01,  1.7995e-01,  ..., -5.0945e-01,
             -5.9932e-01,  4.9302e-01],
            [-9.2585e-01, -2.5072e-01,  1.8402e-01,  ...,  3.4186e-02,
             -7.2354e-01, -9.9641e-01],
            [-7.3521e-01, -5.2582e-02, -3.9892e-01,  ..., -8.1876e-01,
              5.3338e-01,  3.3955e-01]],

           [[ 3.7485e-01, -8.4072e-01, -6.7638e-01,  ..., -7.2347e-01,
             -7.0568e-01,  1.1967e-01],
            [ 5.6806e-01,  9.8659e-01,  9.7139e-01,  ..., -9.0472e-02,
              9.3869e-01,  3.6369e-01],
            [ 4.6540e-01,  8.2239e-01, -6.9595e-01,  ..., -2.0783e-02,
             -6.5901e-01, -2.0735e-01],
            ...,
            [ 8.1821e-02, -7.8637e-02,  2.6879e-01,  ...,  1.1381e-01,
             -1.8542e-01, -8.8139e-01],
            [-1.9861e-01,  1.2467e-01,  3.2688e-01,  ...,  9.8592e-01,
              1.2192e-01,  5.4139e-02],
            [ 9.5351e-01,  8.7608e-01, -1.0780e-01,  ..., -2.1842e-01,
              3.9157e-01, -5.0853e-01]]],


          [[[-2.8896e-01, -9.3166e-02,  4.5449e-01,  ..., -3.8438e-01,
             -4.0907e-01,  6.6585e-01],
            [-5.4271e-01, -2.4500e-01,  7.5448e-01,  ...,  2.5475e-01,
             -3.7412e-01,  1.3664e-02],
            [-6.5032e-01,  1.4234e-01, -4.6166e-01,  ..., -9.2184e-01,
              8.9923e-01, -5.7606e-01],
            ...,
            [-5.9245e-01, -5.1444e-01,  3.8354e-01,  ...,  9.8321e-01,
             -8.9673e-01, -2.8454e-01],
            [ 9.8306e-02, -1.0783e-01, -2.1600e-01,  ...,  4.2665e-01,
              6.2796e-01,  2.2517e-02],
            [-5.4199e-01,  2.6316e-01,  4.8744e-01,  ...,  7.2198e-01,
              7.6572e-01,  6.0624e-01]],

           [[ 1.7051e-01, -9.6811e-01,  2.5948e-01,  ..., -6.5259e-01,
              2.6566e-01,  5.5995e-01],
            [ 5.3392e-01, -9.9339e-01,  8.6013e-02,  ...,  3.3393e-01,
              4.6393e-01, -4.3364e-01],
            [ 5.7959e-01,  9.0599e-01, -7.0880e-01,  ..., -7.4819e-01,
             -6.5452e-02, -6.7274e-01],
            ...,
            [-8.1522e-01, -5.8179e-02,  5.1481e-01,  ..., -4.8214e-01,
              9.7092e-01,  3.1139e-01],
            [ 9.5699e-01,  4.4022e-01, -1.5080e-01,  ..., -8.8377e-01,
             -2.1665e-01, -5.5848e-01],
            [ 7.9132e-02,  9.8512e-01, -1.2467e-01,  ...,  1.7865e-01,
             -8.7815e-01,  5.5480e-01]],

           [[-5.0654e-01,  5.9625e-01,  6.3927e-01,  ..., -5.1263e-01,
              4.1418e-01, -7.5065e-01],
            [-1.3431e-01,  8.4478e-01, -1.6457e-01,  ..., -5.8837e-01,
             -4.2057e-01,  4.3367e-01],
            [ 3.2919e-01, -8.3870e-01,  7.4566e-01,  ...,  5.8767e-02,
             -7.9335e-01, -4.3942e-01],
            ...,
            [-6.1903e-01, -5.7595e-01,  7.6139e-01,  ...,  3.8494e-01,
             -6.5690e-01, -9.8512e-01],
            [-4.7160e-01, -5.4799e-01, -4.3631e-01,  ...,  5.3630e-01,
              9.6071e-01, -5.7826e-01],
            [-2.1838e-02,  1.7383e-01,  3.4034e-03,  ...,  4.7708e-01,
             -4.9279e-01,  6.3744e-01]],

           ...,

           [[ 6.6212e-01,  2.4365e-01, -7.5210e-01,  ..., -5.8171e-01,
              6.4938e-01,  4.4044e-01],
            [ 9.0600e-01, -5.4685e-01, -9.7042e-01,  ...,  9.4857e-01,
              7.5238e-01, -6.5156e-01],
            [ 4.9144e-02, -7.6286e-01, -6.7848e-01,  ...,  8.3334e-02,
             -1.1926e-01, -5.9037e-01],
            ...,
            [-5.7033e-02,  5.0207e-01, -3.4167e-01,  ..., -7.6657e-01,
              3.3770e-01,  5.4214e-01],
            [-5.8156e-01, -9.1549e-02,  9.5568e-01,  ..., -6.4986e-01,
             -1.8965e-01,  5.9641e-02],
            [ 6.8842e-01,  4.7794e-01, -9.9030e-01,  ...,  1.1630e-01,
              3.7403e-01, -9.2378e-01]],

           [[-9.5104e-01, -1.9359e-01, -4.8281e-01,  ...,  6.4449e-02,
              9.1810e-01,  7.6977e-01],
            [-1.8099e-01, -3.6435e-01, -6.6794e-01,  ...,  6.2637e-01,
             -5.9438e-01,  3.7483e-01],
            [-7.0128e-01,  7.2725e-01, -8.6931e-01,  ...,  4.1252e-01,
             -5.5553e-01,  8.7154e-01],
            ...,
            [-4.7291e-01, -9.7763e-02, -4.6911e-01,  ...,  4.6641e-01,
             -7.5096e-01, -5.7223e-02],
            [-7.1914e-01,  8.0678e-01,  6.5772e-02,  ..., -3.1520e-01,
             -5.9496e-01,  2.7508e-01],
            [ 2.1947e-01, -5.2609e-01, -7.9703e-01,  ..., -3.6413e-01,
             -7.0500e-01, -8.6134e-02]],

           [[-6.4843e-01,  4.4101e-01,  4.4405e-01,  ..., -6.8924e-01,
             -4.5608e-01,  7.3374e-01],
            [ 3.3708e-02, -4.3746e-01, -8.2787e-02,  ...,  9.1452e-01,
             -1.6130e-01, -1.4895e-01],
            [ 2.0799e-01,  9.9360e-01,  8.1668e-01,  ...,  3.3103e-01,
             -2.7309e-01,  4.8002e-01],
            ...,
            [ 9.9901e-01, -6.5200e-01,  7.8370e-01,  ..., -3.2817e-01,
             -6.9061e-01, -6.0607e-01],
            [ 4.4133e-01,  2.9958e-01,  6.5250e-02,  ...,  5.7392e-01,
             -2.4528e-02,  1.1641e-02],
            [ 6.0387e-01, -3.7091e-01, -3.9764e-01,  ...,  4.9597e-01,
             -9.0147e-01,  5.1993e-01]]],


          [[[ 5.6219e-02,  2.4795e-01,  2.3804e-01,  ..., -3.0936e-01,
             -8.7305e-01, -8.7255e-01],
            [ 9.3675e-01, -7.2261e-01,  5.5875e-01,  ..., -8.5957e-01,
             -5.8293e-01, -6.6436e-01],
            [-8.8241e-01,  7.7940e-01, -7.0792e-01,  ..., -5.5574e-01,
             -5.2584e-01, -4.4702e-01],
            ...,
            [-3.7332e-01,  5.5211e-01,  5.0741e-01,  ...,  2.4113e-01,
             -2.2695e-01,  3.6055e-01],
            [ 3.7512e-01,  4.0842e-01,  5.6233e-01,  ..., -8.1024e-01,
              8.0635e-02, -5.1042e-01],
            [ 8.4110e-01,  7.1763e-01, -5.7719e-01,  ...,  1.3717e-01,
             -9.8195e-02, -7.1586e-01]],

           [[-6.8874e-01, -5.6244e-02, -9.8673e-01,  ...,  3.2216e-01,
              1.0757e-01,  8.4486e-01],
            [-7.9125e-01,  3.7231e-02,  7.4088e-01,  ...,  6.8465e-01,
             -7.1446e-01, -9.8257e-01],
            [-6.1723e-01, -7.2893e-01,  7.7557e-01,  ...,  6.2096e-01,
              3.6604e-01, -9.6324e-01],
            ...,
            [ 8.5432e-01, -8.1580e-03,  7.5788e-03,  ..., -8.2519e-01,
              7.4083e-01,  6.8102e-01],
            [ 6.8172e-01, -2.6550e-01, -4.4149e-01,  ..., -1.7403e-01,
             -5.3969e-02,  3.2494e-01],
            [ 1.1542e-01, -1.0024e-02,  3.5716e-01,  ..., -9.6916e-01,
              5.6220e-01, -9.8161e-01]],

           [[-3.6087e-01, -6.9681e-01, -5.0057e-01,  ...,  8.1198e-02,
              2.5836e-01, -1.0562e-02],
            [ 1.5639e-01,  6.0930e-01,  8.8071e-01,  ...,  1.9603e-02,
              4.8066e-02,  4.3637e-01],
            [-5.0989e-01, -9.7617e-01,  7.6190e-01,  ...,  9.3500e-01,
             -2.9103e-01,  3.3083e-01],
            ...,
            [-3.4814e-01, -8.3717e-01, -9.3438e-01,  ...,  7.1600e-01,
             -1.5308e-02,  7.4840e-01],
            [-7.2558e-01,  8.0576e-01,  1.9469e-02,  ...,  6.0458e-01,
             -6.8017e-01,  6.2539e-01],
            [-1.7896e-01,  9.5761e-01, -7.2381e-01,  ..., -2.6205e-01,
             -4.9867e-01, -3.9483e-01]],

           ...,

           [[ 8.7000e-01, -3.8176e-01,  7.1081e-01,  ...,  2.2544e-01,
             -4.4390e-01, -6.9846e-01],
            [-2.8355e-01,  5.6982e-01,  5.2695e-01,  ..., -2.4348e-01,
             -6.8879e-01,  6.1864e-02],
            [-6.0295e-01,  3.0058e-01, -7.7598e-02,  ..., -7.6599e-01,
             -2.8888e-02,  7.3631e-01],
            ...,
            [ 1.3577e-01,  8.5542e-01,  5.3834e-02,  ...,  3.6830e-01,
              8.8527e-01, -1.9050e-01],
            [ 9.5231e-01,  6.9914e-01,  8.5063e-01,  ..., -2.8664e-01,
              4.3551e-01, -1.8453e-01],
            [-4.0953e-01, -8.3537e-01, -6.2575e-01,  ...,  5.7648e-01,
             -6.3920e-02,  5.2935e-01]],

           [[-2.9462e-01,  7.0280e-01, -6.3317e-01,  ..., -7.2712e-01,
             -1.5420e-01,  8.7944e-01],
            [-8.7100e-01,  5.4003e-01, -8.4455e-01,  ...,  5.1822e-01,
             -3.1756e-01,  2.8711e-01],
            [ 5.1377e-01,  9.0612e-01, -1.7793e-01,  ...,  4.8934e-01,
              3.9495e-01, -7.8542e-01],
            ...,
            [ 9.7147e-01,  7.1294e-01, -7.3968e-01,  ..., -4.4772e-02,
             -7.8556e-01, -2.1259e-01],
            [-5.1767e-01, -4.4087e-01,  8.3144e-01,  ..., -6.7453e-01,
             -8.0069e-01, -9.9283e-01],
            [ 7.2459e-01, -2.4580e-01, -7.6848e-02,  ...,  6.7838e-01,
             -3.3338e-01, -4.4166e-01]],

           [[ 9.8536e-01,  2.8554e-01, -5.4302e-01,  ...,  6.6196e-01,
              9.5743e-01,  4.4018e-01],
            [ 3.7682e-01,  8.2215e-01, -7.2708e-02,  ...,  9.6341e-01,
              6.0685e-01, -4.8223e-01],
            [-5.1411e-01,  7.7065e-02,  6.0831e-01,  ..., -8.2637e-01,
             -4.7487e-01,  2.2114e-01],
            ...,
            [-8.3455e-01,  5.2827e-01,  1.0586e-01,  ...,  2.1998e-01,
              6.3814e-01,  5.9949e-01],
            [-9.7314e-01, -4.7765e-01,  6.0741e-01,  ..., -2.7114e-01,
             -9.7884e-01,  1.8181e-01],
            [ 8.8223e-01, -5.3989e-01, -6.1442e-01,  ..., -4.3803e-02,
             -3.5640e-01, -4.6469e-01]]],


          ...,


          [[[-7.1361e-01, -1.6063e-01, -1.0190e-01,  ...,  5.9839e-01,
              1.8731e-01,  6.5521e-02],
            [ 6.0463e-01, -6.1096e-01,  5.9329e-01,  ..., -7.5786e-02,
              3.4198e-03, -1.7659e-01],
            [ 3.1470e-01,  5.0212e-02,  8.3983e-02,  ..., -2.8425e-01,
             -5.9895e-01,  4.8763e-01],
            ...,
            [ 6.1242e-01,  6.0697e-01,  8.7977e-01,  ..., -8.1657e-01,
              2.8300e-01,  9.0707e-01],
            [ 8.3595e-01,  7.3313e-01, -5.2250e-02,  ...,  3.1808e-01,
              4.1435e-01,  8.8513e-01],
            [-6.8963e-01,  9.5959e-01,  4.2155e-01,  ...,  7.7782e-01,
              4.7826e-01,  6.5832e-01]],

           [[-8.4714e-01,  8.4421e-01, -5.6476e-01,  ..., -6.8974e-01,
              3.0524e-02, -5.3339e-01],
            [-7.7535e-01,  6.8181e-01,  6.9014e-01,  ..., -4.4553e-01,
             -9.1024e-01, -1.6188e-01],
            [ 4.0062e-01,  4.0050e-01, -7.7761e-01,  ..., -6.9156e-01,
             -8.6512e-02, -4.7011e-01],
            ...,
            [-7.9424e-01,  8.2547e-01,  6.3418e-01,  ...,  7.4166e-01,
              6.7944e-02, -7.3564e-01],
            [ 8.3971e-01, -6.1595e-01, -4.5673e-01,  ..., -4.1781e-02,
             -2.0077e-01,  2.4517e-01],
            [-9.7124e-01, -8.2752e-01, -9.4946e-01,  ..., -7.5010e-01,
              7.5472e-01, -2.9303e-01]],

           [[ 4.9788e-01, -6.0869e-01, -1.6994e-01,  ...,  9.8658e-01,
             -2.7447e-01,  4.2154e-01],
            [-7.1298e-01, -8.4913e-01, -4.3942e-01,  ...,  7.9786e-01,
             -9.4336e-02, -5.8270e-02],
            [-5.3971e-01, -1.7571e-04, -9.0455e-02,  ..., -8.3025e-01,
             -7.8785e-01, -4.0785e-01],
            ...,
            [-7.6521e-01, -6.3450e-01,  1.7600e-01,  ...,  6.2456e-01,
              7.5680e-01, -3.1381e-01],
            [ 3.8696e-01,  7.8119e-01,  8.0462e-01,  ..., -9.1864e-01,
              3.2432e-01,  6.6118e-02],
            [-3.4454e-01,  6.0579e-01, -2.5740e-02,  ...,  7.2141e-01,
              2.8157e-01,  5.8803e-02]],

           ...,

           [[-8.7927e-01, -2.5138e-01, -4.8825e-01,  ..., -7.3865e-01,
             -6.7228e-01,  4.2936e-01],
            [-3.6901e-01,  3.2909e-01, -5.8812e-01,  ...,  5.7852e-01,
             -9.9626e-01, -3.0821e-01],
            [-1.5332e-02,  9.1913e-02, -6.5837e-02,  ..., -1.0765e-01,
             -6.5716e-01,  3.0564e-01],
            ...,
            [ 8.9858e-02, -8.2436e-01,  7.1482e-02,  ..., -4.9522e-01,
             -1.7204e-01, -9.5426e-02],
            [ 9.8805e-01, -2.9795e-01,  8.5736e-01,  ..., -4.8563e-02,
             -8.8459e-01,  9.4280e-01],
            [ 7.8551e-01,  5.4422e-01, -9.4231e-01,  ...,  4.6564e-02,
              1.6498e-01, -2.1475e-01]],

           [[ 3.1162e-01,  2.1456e-01, -5.7780e-01,  ...,  1.9332e-01,
             -4.7854e-01, -3.3995e-01],
            [-2.1791e-01,  9.4140e-01,  2.1524e-01,  ...,  3.6194e-01,
              4.6455e-02, -3.6644e-01],
            [-4.0712e-01,  2.9030e-01, -3.8541e-01,  ...,  9.0967e-01,
             -6.4782e-01,  9.5633e-01],
            ...,
            [ 8.0431e-01, -7.9537e-01, -5.9461e-01,  ...,  5.7956e-01,
              8.7273e-01,  8.5792e-01],
            [-6.6689e-01, -1.4902e-01,  8.5835e-01,  ...,  7.8789e-01,
             -2.5647e-01, -6.0392e-01],
            [ 2.3353e-01,  9.0955e-01,  3.8965e-01,  ...,  7.8023e-01,
              2.4317e-01,  6.4191e-01]],

           [[ 1.2311e-01,  1.7599e-01, -4.2499e-01,  ...,  8.2222e-01,
              7.6203e-01,  5.1765e-01],
            [-3.9253e-01, -5.3387e-01,  9.2243e-02,  ..., -3.7915e-01,
             -6.0985e-01,  8.6108e-02],
            [-8.6425e-01, -8.4613e-01,  2.9590e-01,  ...,  2.8799e-02,
             -5.1341e-01, -6.5664e-01],
            ...,
            [ 5.2069e-01,  8.8005e-01,  2.8837e-01,  ..., -6.6242e-01,
              4.0189e-02,  7.9505e-01],
            [ 1.2606e-01, -6.2440e-01, -1.6414e-01,  ..., -4.4603e-03,
             -6.8768e-01,  7.3135e-01],
            [ 1.3136e-01, -2.3055e-01, -1.6834e-01,  ..., -6.7835e-01,
             -2.7759e-01, -8.0451e-01]]],


          [[[ 9.8798e-01, -3.1080e-01,  7.8668e-02,  ...,  8.5303e-01,
              4.7048e-01,  2.7391e-01],
            [-7.0734e-01, -4.1532e-02, -5.5992e-01,  ..., -1.7878e-01,
             -1.7072e-01,  3.1539e-01],
            [-1.5073e-01, -8.1115e-01,  3.7295e-01,  ..., -1.8935e-01,
             -7.3438e-01,  3.9147e-01],
            ...,
            [-8.0870e-01,  2.1377e-01,  1.6152e-01,  ..., -1.0226e-01,
              9.2053e-01, -9.9161e-01],
            [ 3.0629e-01,  9.7720e-01,  9.3071e-01,  ..., -1.8905e-01,
             -5.5768e-01,  4.9481e-01],
            [ 8.4766e-01,  8.7748e-01,  9.5998e-01,  ...,  4.1167e-01,
             -6.0854e-01, -7.7871e-01]],

           [[-1.7562e-01, -4.9367e-01, -2.4766e-01,  ..., -2.5398e-01,
              4.2364e-01,  2.4261e-01],
            [-4.2734e-02,  7.1545e-02,  5.6668e-01,  ..., -1.2641e-01,
              9.0622e-01,  4.1257e-01],
            [ 5.1023e-01,  8.3330e-01, -1.7520e-01,  ...,  2.0037e-01,
             -3.9465e-01,  3.1315e-01],
            ...,
            [ 2.5878e-01, -9.8124e-01,  1.6665e-01,  ..., -5.2796e-01,
             -8.9602e-02, -6.3614e-01],
            [ 8.8972e-01, -1.1149e-01,  8.9684e-01,  ...,  1.2974e-01,
             -2.4276e-01,  3.1330e-01],
            [-7.4897e-01,  9.4482e-01, -5.2090e-02,  ...,  8.4180e-03,
              1.3161e-01, -3.4576e-02]],

           [[ 9.3275e-01, -3.1412e-01,  4.7489e-01,  ...,  3.7751e-02,
              3.8688e-01, -9.6424e-01],
            [-8.5374e-01,  9.3323e-03,  5.8154e-01,  ..., -2.8994e-01,
             -1.3913e-01,  4.6040e-01],
            [ 8.4079e-01, -7.2240e-01, -7.7478e-01,  ..., -4.0257e-01,
             -4.0227e-01,  6.9027e-01],
            ...,
            [ 5.5607e-01,  9.7069e-01,  6.7139e-02,  ..., -3.5612e-01,
              6.9346e-01, -5.0840e-01],
            [ 7.7196e-01,  7.0710e-01, -4.2703e-01,  ..., -3.0836e-02,
              1.7968e-01,  4.2700e-01],
            [-9.5308e-01,  6.5002e-03, -9.6777e-01,  ..., -8.5172e-02,
             -8.0666e-01, -1.4452e-01]],

           ...,

           [[-6.7178e-01,  5.0592e-01, -5.5725e-02,  ..., -5.0581e-01,
              7.8918e-01, -3.9196e-01],
            [-6.9851e-01, -6.1395e-01,  5.1965e-01,  ..., -5.4822e-01,
             -4.2688e-01, -7.4822e-01],
            [-7.1167e-01,  4.4075e-01,  1.7530e-01,  ..., -1.3136e-01,
              6.3771e-01, -1.6979e-01],
            ...,
            [-8.1340e-01, -8.6946e-01,  3.2807e-01,  ..., -6.6108e-01,
              1.9309e-01,  9.2792e-01],
            [-6.5315e-01,  5.8256e-01,  3.5041e-01,  ...,  8.0899e-01,
             -5.6286e-02,  6.6761e-01],
            [-1.8451e-01, -1.4060e-01,  7.7159e-01,  ...,  4.5577e-01,
             -8.3235e-02, -4.7799e-03]],

           [[ 6.8690e-01,  6.5653e-01,  6.4936e-01,  ...,  1.3006e-01,
             -9.6335e-01,  2.7876e-01],
            [-3.4367e-01, -5.7502e-01, -5.8960e-01,  ..., -2.2885e-01,
              2.3509e-01, -6.9692e-01],
            [ 2.3184e-01, -7.9121e-01, -7.5583e-01,  ..., -4.0776e-01,
             -7.2240e-01, -5.5920e-01],
            ...,
            [ 8.1056e-01,  7.7620e-01,  2.2396e-01,  ..., -6.4793e-01,
             -5.5151e-01,  8.6101e-01],
            [ 3.4378e-01,  4.0103e-01,  7.5890e-01,  ..., -7.5544e-01,
             -4.8550e-01,  1.5914e-01],
            [-8.5230e-01, -2.9731e-01,  6.5211e-01,  ..., -4.2094e-02,
             -8.1366e-01,  4.0316e-01]],

           [[-9.2810e-01,  7.4546e-01,  4.3673e-01,  ...,  7.1022e-01,
              3.1756e-02,  1.8191e-01],
            [ 3.7328e-01,  5.7515e-02, -6.2745e-01,  ...,  5.0104e-01,
              2.0889e-01, -3.6321e-01],
            [-1.8203e-01,  9.2678e-01, -8.4922e-01,  ..., -6.8964e-01,
             -3.0637e-01,  6.2828e-01],
            ...,
            [-1.2406e-01,  1.6967e-01,  6.1455e-01,  ...,  8.2094e-01,
             -9.6638e-01,  1.7386e-01],
            [-2.6708e-01, -9.7949e-01, -4.6847e-01,  ...,  9.5519e-01,
              9.4378e-01,  1.4283e-01],
            [-3.8861e-01,  9.4782e-01, -8.9519e-01,  ..., -4.7838e-01,
             -1.6751e-01,  8.5482e-01]]],


          [[[ 8.9756e-01, -9.8165e-01, -6.4695e-01,  ..., -2.7606e-01,
              5.7566e-01,  6.8217e-01],
            [-2.5586e-01, -8.5145e-01, -5.1014e-01,  ..., -9.4183e-01,
             -4.7799e-01, -1.4116e-01],
            [ 7.0532e-01, -2.6973e-01,  5.7882e-01,  ...,  4.1136e-01,
              7.7652e-01,  2.7155e-01],
            ...,
            [ 4.9720e-01,  1.4719e-01,  1.4270e-01,  ...,  1.4482e-02,
              2.3676e-01,  7.9723e-01],
            [-8.8463e-01,  9.0915e-01,  1.1723e-01,  ..., -4.4170e-01,
              1.9633e-01,  8.1432e-01],
            [-5.2619e-01,  2.8538e-01,  1.8705e-01,  ..., -4.0005e-01,
              6.7521e-01,  3.9136e-01]],

           [[ 5.5385e-01,  9.9606e-01, -7.5368e-01,  ..., -8.1890e-01,
             -6.4137e-02, -5.4422e-01],
            [-9.5184e-01, -1.1808e-01,  9.4278e-02,  ..., -8.9102e-01,
              7.1038e-01, -9.5818e-01],
            [ 3.9350e-01, -2.5141e-01, -5.9091e-01,  ...,  7.9073e-01,
             -4.9097e-01, -7.8549e-01],
            ...,
            [-1.5020e-01, -1.1505e-01,  9.3074e-02,  ..., -8.4073e-01,
              5.9138e-01,  9.5299e-02],
            [-3.4982e-01, -2.7512e-01, -8.3211e-01,  ..., -7.3107e-02,
              2.0649e-01, -5.4544e-01],
            [-9.5196e-01,  7.2613e-01,  6.9687e-01,  ..., -4.7176e-01,
              8.4289e-02, -9.2011e-01]],

           [[ 1.4884e-01, -3.4173e-01,  7.3417e-01,  ...,  4.3318e-01,
              8.0115e-01, -1.0974e-01],
            [-1.1047e-01, -7.7181e-01, -2.8247e-01,  ..., -5.0482e-01,
              3.0104e-01,  1.8790e-01],
            [-4.8955e-01,  8.7328e-01, -2.4570e-01,  ...,  9.8988e-01,
             -4.2562e-01, -2.5211e-02],
            ...,
            [ 4.8891e-01,  1.9896e-01,  3.6178e-01,  ..., -2.1594e-01,
             -1.8627e-01, -6.3314e-01],
            [ 5.7794e-01,  8.2179e-01,  5.5891e-01,  ..., -3.4122e-01,
              5.9268e-01, -2.7882e-01],
            [-8.4122e-01, -4.9219e-01, -5.3886e-01,  ...,  2.5540e-02,
              8.6767e-01,  9.6645e-01]],

           ...,

           [[ 6.7088e-01, -3.1574e-01,  2.1370e-01,  ...,  2.5936e-01,
              2.0686e-01,  7.6292e-01],
            [-1.7227e-01,  2.0077e-01,  5.5724e-01,  ...,  7.4572e-01,
             -1.1591e-01, -8.6732e-01],
            [ 6.2404e-01,  2.6394e-01, -3.3438e-01,  ...,  8.3685e-01,
              2.6895e-01,  3.3209e-01],
            ...,
            [-7.2501e-01,  7.5176e-01, -8.6943e-01,  ...,  1.1799e-01,
              8.4561e-01,  3.3342e-01],
            [ 1.6307e-01,  5.9771e-01,  7.1368e-02,  ..., -3.9256e-01,
              4.9333e-02,  1.2037e-01],
            [ 4.4815e-01, -9.3755e-01,  8.7971e-01,  ...,  9.2164e-01,
              3.4683e-01,  7.7523e-01]],

           [[-6.6235e-01,  2.9101e-01, -5.9800e-01,  ..., -4.1479e-01,
             -2.3174e-01,  6.3296e-01],
            [-6.0200e-01, -1.2587e-01, -7.3934e-04,  ...,  7.2778e-01,
              4.1335e-01,  1.1270e-01],
            [-1.2770e-03,  9.7069e-01,  9.8665e-01,  ..., -6.3246e-01,
              7.3774e-01, -1.2446e-01],
            ...,
            [ 7.5465e-02,  2.7839e-02,  9.0715e-01,  ..., -2.3468e-01,
             -9.4087e-02, -3.1841e-01],
            [ 4.8225e-01,  7.1174e-01, -8.8206e-01,  ..., -3.1741e-01,
              1.7535e-01,  1.7343e-01],
            [ 8.7107e-01, -1.9615e-01, -6.8692e-01,  ..., -4.1412e-01,
             -5.2958e-01,  1.0438e-01]],

           [[ 2.2078e-01, -9.1900e-01,  2.9724e-01,  ...,  6.7223e-01,
             -5.9955e-02, -9.4148e-01],
            [ 3.7353e-01, -2.5581e-01,  9.4612e-03,  ..., -1.7194e-01,
             -9.2755e-01, -3.1370e-01],
            [-9.3244e-01,  6.2982e-01, -1.8166e-01,  ..., -5.7566e-01,
              4.4957e-02, -4.5117e-01],
            ...,
            [-5.2576e-01, -2.8509e-01, -7.6379e-02,  ...,  3.3403e-01,
              8.4130e-01,  9.7612e-01],
            [ 7.0911e-01, -1.7188e-01, -5.0109e-01,  ...,  8.4759e-01,
             -7.5233e-01,  6.6497e-01],
            [ 5.9236e-01, -2.7055e-01, -8.0693e-01,  ...,  8.3830e-02,
              5.1950e-01,  6.9222e-01]]]],



         [[[[-8.6807e-01, -6.5384e-01,  4.6363e-01,  ...,  7.7831e-01,
              1.5075e-01,  8.8501e-01],
            [ 6.7684e-01, -5.5621e-01, -6.4691e-01,  ...,  8.4508e-01,
             -3.5433e-01,  3.6435e-01],
            [-1.1076e-01, -7.2011e-01, -1.0178e-02,  ...,  5.0627e-01,
             -2.6131e-01, -2.4266e-01],
            ...,
            [ 7.1037e-01, -8.0600e-01, -2.4975e-01,  ..., -2.8665e-01,
              4.1268e-01,  6.4334e-01],
            [ 2.6840e-02, -5.2289e-01, -7.5853e-01,  ...,  9.6973e-01,
              6.2874e-01,  6.6219e-01],
            [ 2.7202e-01, -2.4595e-01,  4.3921e-01,  ...,  3.9765e-01,
             -1.7740e-01,  3.8028e-01]],

           [[-7.5735e-01, -5.9053e-01,  1.3423e-01,  ...,  6.2453e-01,
             -2.3882e-02, -8.5456e-01],
            [ 3.8164e-01, -2.7982e-01,  1.2231e-02,  ...,  6.5625e-01,
              8.0309e-01, -9.3995e-01],
            [ 8.9949e-01,  9.5131e-01,  9.3514e-01,  ..., -8.9412e-01,
             -9.8856e-01,  5.9636e-01],
            ...,
            [-8.2318e-01, -7.8581e-01, -1.6819e-01,  ..., -2.5619e-01,
              3.5895e-02,  4.3662e-01],
            [-9.3370e-01,  7.1754e-01, -9.6074e-02,  ...,  1.3426e-01,
             -3.9321e-01,  6.1272e-01],
            [-3.8110e-01,  8.5093e-01,  1.4665e-01,  ..., -3.8196e-01,
             -3.3313e-01,  1.9700e-01]],

           [[-4.9392e-02, -8.3856e-01, -6.8445e-01,  ..., -3.4491e-01,
              8.3836e-01, -6.9196e-02],
            [ 3.7019e-01,  7.8476e-01, -6.2315e-01,  ...,  8.9682e-01,
              5.0641e-01, -8.3217e-01],
            [ 7.3267e-01, -9.9469e-02, -7.8392e-01,  ..., -5.0135e-02,
             -5.5373e-01,  4.5766e-01],
            ...,
            [-6.3370e-01,  3.9169e-01,  4.9352e-01,  ...,  8.6032e-01,
             -8.4337e-01, -9.7163e-01],
            [-3.9307e-01,  6.3308e-01, -8.7322e-02,  ..., -6.6283e-01,
              9.8209e-01, -1.6457e-01],
            [ 1.0626e-01, -1.1580e-01,  1.1399e-01,  ..., -4.5299e-02,
              8.6142e-01, -2.8785e-01]],

           ...,

           [[-3.4681e-02, -4.6112e-01,  2.8570e-01,  ...,  8.4997e-01,
              5.6287e-01, -1.7930e-01],
            [-7.4967e-01, -6.6541e-01,  7.3718e-01,  ...,  3.8782e-01,
              2.3599e-01, -7.2830e-01],
            [-9.5741e-01,  4.4119e-01,  2.8906e-01,  ...,  8.1218e-01,
             -6.8349e-01,  6.0847e-01],
            ...,
            [-1.1213e-01, -4.3615e-02, -9.8307e-02,  ...,  4.8775e-01,
              6.2082e-02,  3.5569e-01],
            [ 7.0579e-03, -3.4910e-01,  8.4607e-01,  ...,  4.5275e-01,
              7.4566e-01, -2.1307e-01],
            [-8.7158e-01, -6.8818e-01,  9.2461e-01,  ..., -9.9037e-01,
             -3.7709e-01,  7.2326e-01]],

           [[ 6.9562e-01, -5.9471e-01,  8.7766e-01,  ..., -5.8964e-01,
             -2.8208e-01, -4.1652e-01],
            [-5.6526e-01, -8.6647e-01, -5.8029e-01,  ..., -1.0109e-01,
             -5.5424e-01,  4.3780e-01],
            [-2.3219e-01, -4.4448e-01, -1.4047e-01,  ..., -4.9894e-01,
             -5.7625e-01, -5.4889e-01],
            ...,
            [-1.0647e-02, -3.3328e-01,  4.2929e-01,  ..., -8.3412e-01,
             -4.3428e-01, -2.8622e-01],
            [-8.2968e-01, -8.7034e-01,  8.3440e-01,  ...,  8.9307e-01,
             -4.6908e-01,  2.9054e-01],
            [-2.4744e-01, -2.9761e-01,  9.2858e-01,  ..., -7.6708e-01,
              9.5039e-01, -3.1618e-01]],

           [[ 7.7304e-01, -3.7709e-01, -8.7869e-01,  ..., -7.2187e-01,
              9.4330e-01,  1.7104e-01],
            [-2.0605e-01,  7.2772e-01, -8.6658e-01,  ...,  6.7293e-01,
             -5.2804e-01, -7.5212e-01],
            [ 8.7936e-01,  7.4066e-01, -3.8890e-01,  ...,  5.3835e-01,
              8.5484e-02, -3.4214e-01],
            ...,
            [ 5.6356e-01, -3.2830e-01, -6.9127e-01,  ..., -6.6394e-02,
              3.2933e-01,  3.7837e-01],
            [ 7.0126e-01, -6.1538e-01, -9.7205e-01,  ..., -5.8643e-01,
              4.5034e-01,  8.2085e-01],
            [-2.0461e-01,  4.5978e-01,  5.5564e-01,  ..., -8.9363e-01,
             -3.2140e-01,  7.4312e-01]]],


          [[[ 1.6830e-01,  7.8073e-01,  5.4268e-02,  ..., -6.7909e-01,
              8.1530e-01,  2.6031e-01],
            [-1.0982e-01,  1.1697e-01, -2.9647e-01,  ...,  5.0333e-02,
              9.6189e-01, -1.3201e-02],
            [-8.2424e-01, -3.7557e-01, -6.6311e-01,  ...,  4.5854e-01,
             -2.6245e-01, -2.2691e-01],
            ...,
            [-4.1790e-01, -2.2844e-02,  1.9434e-01,  ...,  4.4088e-01,
              9.6063e-02,  3.8410e-01],
            [ 9.6774e-01,  9.8436e-01, -4.3235e-01,  ..., -6.3987e-01,
             -8.4571e-01,  7.9868e-01],
            [-7.3887e-01, -5.1973e-01, -4.9817e-01,  ...,  9.4169e-01,
              8.0361e-01, -3.3297e-01]],

           [[ 2.4153e-01,  3.4078e-02,  2.5491e-01,  ..., -6.3454e-01,
             -3.5326e-01, -3.1051e-01],
            [ 6.4981e-01, -5.2147e-01,  7.3227e-01,  ...,  7.6599e-01,
             -5.7206e-01, -9.8953e-02],
            [-2.0153e-01, -4.0099e-01,  1.8897e-01,  ...,  4.2438e-01,
             -9.4324e-01, -3.8039e-01],
            ...,
            [-8.3404e-01, -1.2743e-01,  6.0901e-01,  ..., -6.7663e-01,
              3.9977e-01, -2.7565e-01],
            [-6.3686e-01,  6.8187e-02,  2.0994e-01,  ...,  1.7217e-01,
             -3.7054e-02,  3.2800e-01],
            [ 6.9389e-01, -1.5315e-01, -3.3354e-01,  ...,  9.8408e-02,
              9.0822e-01, -3.2820e-01]],

           [[ 6.0022e-01, -5.3876e-01,  3.1895e-01,  ...,  5.8577e-01,
              8.4820e-01,  2.8724e-01],
            [-6.2309e-01,  3.9366e-01,  9.2961e-01,  ..., -4.0714e-01,
              4.3429e-01,  5.4148e-01],
            [ 7.8436e-01, -1.3405e-01, -4.7307e-01,  ..., -5.6909e-01,
              5.7881e-01,  4.5785e-01],
            ...,
            [ 1.6640e-01, -9.8615e-01,  2.9692e-01,  ..., -8.9058e-01,
             -4.2146e-01, -8.2966e-01],
            [-9.4615e-01, -9.6307e-01,  2.2418e-01,  ..., -1.8384e-01,
             -8.5540e-01,  1.7426e-01],
            [ 7.5577e-01,  6.8398e-01,  6.6847e-01,  ..., -1.6484e-01,
              5.9066e-01, -9.5881e-01]],

           ...,

           [[ 6.8839e-01,  2.5965e-01, -8.0519e-01,  ...,  4.0693e-02,
             -5.7036e-01, -6.9114e-01],
            [-6.7944e-01,  7.0995e-01, -2.5193e-01,  ..., -4.1027e-01,
              4.1688e-01,  2.8311e-01],
            [ 6.1740e-02, -5.3026e-01, -7.2166e-01,  ...,  8.0800e-01,
              3.0520e-01, -8.7479e-01],
            ...,
            [-5.3324e-01,  6.5465e-01, -5.3765e-01,  ..., -2.1655e-01,
              2.5916e-01, -3.1251e-01],
            [ 9.0589e-01, -9.6441e-01,  9.6762e-01,  ..., -3.8660e-01,
              5.9299e-01,  2.7602e-01],
            [ 5.6886e-01,  8.1380e-01, -7.3187e-01,  ...,  8.9635e-02,
              9.3845e-01, -6.5982e-01]],

           [[-4.5506e-01,  8.5515e-01, -7.8933e-01,  ..., -2.1271e-01,
              7.9609e-01, -7.3908e-01],
            [-8.3499e-01,  9.6748e-01, -1.8847e-02,  ...,  7.4506e-05,
              6.2002e-01,  4.4417e-01],
            [ 1.4745e-03,  1.1293e-03, -3.0520e-01,  ..., -5.6603e-01,
             -6.1671e-01,  6.7661e-01],
            ...,
            [-2.3799e-01,  9.6214e-01,  9.2006e-01,  ..., -1.6503e-01,
             -6.3193e-01, -3.4022e-01],
            [-5.2350e-01,  3.3816e-01, -3.7851e-01,  ...,  5.2034e-01,
              7.3836e-01, -9.9632e-03],
            [ 7.6026e-01,  3.7098e-01, -1.3195e-01,  ..., -7.9154e-01,
             -4.1638e-02,  8.2254e-01]],

           [[ 1.9963e-01, -6.8849e-01, -8.5617e-01,  ...,  6.3607e-01,
             -8.0136e-01,  1.6907e-01],
            [-7.3636e-01,  5.5787e-01,  4.0554e-01,  ..., -5.4983e-01,
              9.9633e-01, -9.1837e-01],
            [-5.3335e-01, -5.5455e-02, -5.7245e-01,  ...,  3.0456e-01,
             -6.1968e-01, -5.2190e-01],
            ...,
            [-6.8613e-01, -5.7475e-01, -3.0269e-01,  ..., -2.1273e-01,
              9.6591e-01,  7.4935e-01],
            [-4.5092e-01,  7.7346e-02, -9.6248e-01,  ..., -2.4953e-01,
             -5.7404e-01, -4.8190e-01],
            [-2.0002e-01,  2.0443e-01,  7.9983e-02,  ..., -5.0622e-01,
              9.2905e-01, -3.4092e-01]]],


          [[[ 5.1774e-02, -2.8445e-01, -7.0277e-01,  ...,  3.2516e-01,
             -6.4034e-01, -8.0423e-01],
            [-2.0222e-02, -2.3140e-01,  6.9441e-01,  ..., -2.7825e-01,
             -5.4177e-01,  3.5169e-01],
            [ 9.7731e-01,  8.7174e-02, -1.4707e-01,  ...,  5.6862e-01,
             -3.7818e-01, -8.2628e-01],
            ...,
            [ 3.6104e-01,  2.1558e-01,  4.2544e-01,  ...,  8.1084e-01,
              6.5597e-01,  8.9631e-01],
            [-9.9676e-01,  4.2281e-02, -1.4721e-01,  ..., -8.9039e-01,
             -9.3198e-01,  1.8767e-01],
            [-1.8033e-01, -1.0473e-01,  6.5644e-01,  ..., -4.0626e-01,
              1.8708e-02,  1.7573e-01]],

           [[ 3.0061e-01,  3.3246e-01,  3.3778e-01,  ...,  3.8066e-01,
             -3.9563e-01, -7.1120e-01],
            [-8.3827e-01, -1.7951e-01, -2.3771e-01,  ...,  2.0907e-01,
              7.9693e-01, -5.4738e-01],
            [ 6.9056e-02, -8.9871e-01,  2.0687e-01,  ...,  9.4112e-01,
             -4.6363e-01, -5.3056e-01],
            ...,
            [-1.4657e-01,  7.3890e-01,  9.1566e-02,  ...,  3.3487e-01,
              1.1927e-01, -6.8587e-01],
            [-7.0667e-01, -4.9202e-01,  8.0694e-01,  ...,  9.9905e-01,
             -4.5491e-01, -3.0385e-02],
            [-3.9209e-02,  6.5939e-01,  7.5684e-01,  ..., -8.2502e-01,
             -6.3373e-01,  7.8403e-01]],

           [[ 9.9945e-01, -9.7457e-01,  1.9846e-01,  ..., -8.5721e-02,
              5.0374e-01, -3.8124e-02],
            [-8.8240e-01, -4.2192e-02,  3.6630e-01,  ...,  9.2328e-01,
              9.2599e-01, -3.9400e-01],
            [ 1.9205e-01,  2.0327e-01,  8.1724e-01,  ..., -2.2922e-01,
              9.5199e-01,  7.6516e-02],
            ...,
            [-6.7549e-02,  9.3161e-01, -2.6086e-01,  ...,  2.9328e-01,
             -8.9069e-01, -3.7374e-01],
            [ 9.4168e-01,  6.1893e-01,  9.6367e-01,  ...,  5.7650e-01,
              1.5272e-01, -8.7077e-01],
            [ 1.5793e-01, -2.6615e-01, -3.3679e-02,  ...,  8.0770e-01,
              6.1594e-01, -7.3625e-01]],

           ...,

           [[ 4.2225e-02,  7.3254e-01,  3.4450e-01,  ..., -5.0068e-01,
              5.1608e-01, -5.4940e-01],
            [ 7.0290e-01,  4.0142e-01, -5.3927e-01,  ..., -6.1554e-01,
              6.6402e-01, -9.3803e-01],
            [ 6.3890e-02,  8.2883e-01, -3.1609e-01,  ..., -3.9748e-01,
             -9.4053e-01, -8.2369e-01],
            ...,
            [ 1.7275e-03, -6.5930e-02,  3.1218e-01,  ..., -3.2045e-01,
              5.4799e-01, -3.5309e-01],
            [ 1.3576e-01,  5.0905e-01,  7.0549e-01,  ...,  8.0851e-01,
             -1.3825e-01, -6.1584e-02],
            [ 8.3179e-01, -8.4633e-01, -3.5823e-01,  ..., -4.6268e-01,
              9.3247e-01, -4.0615e-01]],

           [[ 8.7588e-01, -7.1429e-01, -9.0150e-01,  ..., -7.2913e-01,
              2.4665e-01,  4.5196e-01],
            [ 7.9929e-01, -3.9117e-01, -2.8147e-02,  ...,  3.9758e-01,
             -8.7349e-01,  6.9169e-01],
            [ 6.3123e-02,  6.4060e-02,  3.7662e-02,  ..., -3.3826e-01,
             -6.1141e-02, -1.3354e-01],
            ...,
            [-9.5756e-01, -8.5020e-01, -1.6167e-01,  ..., -7.4854e-01,
              3.9608e-01,  6.1453e-01],
            [ 8.8179e-04,  2.0043e-01,  1.4658e-01,  ...,  2.1123e-01,
              4.9843e-01,  4.1755e-01],
            [-1.3282e-01, -4.2078e-01, -7.5837e-01,  ...,  3.3451e-01,
             -2.5559e-01,  8.2651e-01]],

           [[ 1.8811e-01, -9.3866e-01, -7.5117e-01,  ...,  9.7240e-01,
              4.6808e-01,  5.9849e-01],
            [ 2.8795e-01,  2.5338e-01, -5.3972e-01,  ...,  6.5758e-01,
             -5.2092e-01,  4.0253e-01],
            [ 7.7651e-01,  1.2480e-01,  5.2213e-01,  ..., -3.7564e-01,
             -6.4380e-01, -4.4300e-01],
            ...,
            [ 5.9688e-01, -5.6329e-01,  2.4042e-01,  ..., -9.6113e-01,
             -4.5762e-01,  5.6279e-02],
            [-7.6785e-01, -1.0295e-01,  2.0427e-01,  ..., -4.2996e-01,
             -8.5261e-01, -3.8602e-01],
            [ 8.7973e-01,  8.7386e-01,  1.6282e-01,  ...,  7.8887e-01,
             -7.7262e-01, -8.8155e-01]]],


          ...,


          [[[-4.6184e-01, -5.5367e-01,  7.0308e-01,  ..., -8.6717e-01,
             -2.6085e-01,  6.5870e-01],
            [-9.5444e-01, -5.0482e-01, -5.6200e-01,  ...,  8.6652e-01,
             -4.0534e-01, -9.0852e-02],
            [-5.8177e-01,  2.4835e-02, -5.6793e-01,  ..., -5.3294e-01,
             -4.7437e-01, -5.0584e-01],
            ...,
            [-5.9201e-02, -1.5883e-01, -6.3199e-01,  ...,  5.6284e-01,
             -5.3192e-01,  8.1637e-01],
            [-3.1197e-01, -2.4016e-01,  5.0901e-01,  ...,  9.4126e-01,
             -3.6870e-01, -4.9429e-01],
            [ 4.8309e-01, -5.8612e-01,  8.3614e-01,  ...,  4.6778e-01,
             -6.4763e-01, -6.4831e-01]],

           [[-7.2652e-02,  7.4969e-01,  3.3651e-02,  ...,  8.9202e-01,
             -1.2263e-01, -6.4073e-01],
            [ 4.8060e-01,  4.2277e-01,  9.4718e-01,  ...,  7.8689e-01,
              4.1964e-01,  4.4228e-01],
            [ 5.6810e-01, -2.2998e-01,  3.1350e-01,  ...,  4.6537e-01,
             -3.1274e-01,  4.0077e-01],
            ...,
            [ 2.4736e-01, -3.9061e-01,  6.9332e-01,  ..., -6.5425e-01,
             -7.3944e-01, -3.7304e-01],
            [-6.2712e-01,  1.4589e-01, -4.7702e-01,  ...,  5.9318e-01,
              1.7030e-01,  5.5738e-01],
            [-8.7764e-01,  2.5544e-01, -7.3651e-01,  ...,  6.2356e-01,
              2.7984e-01, -2.4317e-02]],

           [[ 8.9782e-01, -6.1264e-01, -4.7255e-01,  ..., -6.6758e-01,
              1.4195e-01,  1.0220e-01],
            [-8.8754e-01,  5.0870e-02,  3.3313e-01,  ..., -3.9245e-01,
              7.7890e-01, -8.9984e-02],
            [ 5.6772e-02, -9.8349e-01,  1.5761e-01,  ...,  5.6817e-01,
              3.0620e-01, -8.4269e-01],
            ...,
            [-3.3091e-01,  1.8954e-01,  6.8943e-02,  ...,  8.3233e-02,
              5.3988e-01,  3.9005e-03],
            [-5.5106e-01, -1.0232e-01, -7.1532e-01,  ...,  4.3509e-01,
             -6.1603e-01,  7.6184e-01],
            [ 4.8129e-01, -9.8439e-01, -7.7539e-01,  ..., -7.6824e-01,
             -9.3759e-01, -9.2779e-01]],

           ...,

           [[-1.3178e-01, -6.7566e-01, -9.6708e-01,  ..., -7.7818e-02,
              6.0633e-01, -8.8159e-01],
            [ 3.7133e-01, -4.4877e-01, -6.9759e-01,  ...,  3.6432e-01,
             -1.1093e-01,  6.3996e-01],
            [ 4.5695e-01,  8.7317e-01, -4.4135e-01,  ...,  4.7514e-01,
             -5.6381e-01, -6.3197e-01],
            ...,
            [ 5.4920e-01,  4.6779e-01, -3.5850e-02,  ...,  4.2273e-01,
              4.7398e-01,  9.5949e-01],
            [ 2.1432e-02,  1.0293e-01,  2.9563e-01,  ..., -3.1794e-01,
              8.1216e-01,  6.4493e-01],
            [ 9.1133e-01,  4.1684e-01,  3.6756e-01,  ..., -5.1235e-01,
              9.5370e-01, -5.5688e-01]],

           [[-8.1677e-01, -7.4816e-01,  4.8376e-01,  ...,  6.9308e-01,
              7.5921e-01,  6.2902e-01],
            [ 7.6876e-01, -4.5244e-01,  2.2105e-02,  ...,  4.0754e-01,
              5.3326e-02,  5.7512e-01],
            [-9.8971e-01,  9.0225e-01,  4.2100e-01,  ...,  9.0427e-01,
             -4.9037e-01,  9.6914e-01],
            ...,
            [ 2.6400e-01, -4.8518e-01,  7.7402e-01,  ..., -2.2683e-02,
             -1.1537e-02,  2.4820e-01],
            [ 6.4984e-01, -9.4451e-01, -7.4946e-01,  ...,  9.5497e-01,
              8.8545e-01, -7.7715e-01],
            [ 1.8421e-01,  2.5159e-01, -3.6120e-01,  ..., -3.5341e-01,
              3.6867e-01, -2.4385e-01]],

           [[ 5.9059e-01, -8.8023e-01, -6.7208e-01,  ...,  9.4096e-02,
              8.4753e-01,  5.7408e-01],
            [ 7.6247e-01, -3.3145e-01, -1.2391e-01,  ...,  7.2037e-01,
              3.2205e-01, -4.8258e-02],
            [-3.4194e-01, -7.7144e-01,  2.2293e-01,  ..., -4.3165e-01,
              9.9625e-01, -4.7125e-01],
            ...,
            [ 4.7563e-01,  4.7962e-01,  7.0964e-02,  ...,  8.3804e-01,
             -1.1166e-01, -4.6808e-01],
            [-9.0060e-03, -4.6673e-01, -4.0398e-01,  ...,  9.9926e-01,
             -3.7403e-01, -9.1003e-01],
            [-8.7210e-01, -8.5872e-01, -3.5127e-01,  ...,  4.2341e-01,
              3.9854e-01, -1.6198e-01]]],


          [[[ 5.2734e-01, -3.3234e-01,  1.4264e-01,  ...,  6.7712e-01,
              1.4359e-01, -5.6385e-01],
            [ 3.6495e-01,  9.3832e-01, -6.7707e-01,  ..., -2.0734e-01,
              1.3522e-01,  7.6844e-01],
            [-8.2249e-01,  8.1242e-01,  8.2503e-01,  ..., -1.0505e-01,
             -6.9798e-01, -1.6063e-01],
            ...,
            [-6.9808e-01,  3.2801e-01, -1.9165e-01,  ...,  1.9866e-01,
              2.5766e-01, -1.6127e-02],
            [ 7.2152e-02,  8.9735e-01,  2.9454e-01,  ...,  8.7657e-01,
              7.0431e-01,  9.2404e-01],
            [ 5.0880e-01,  7.6622e-01,  4.6898e-01,  ...,  8.4137e-01,
             -2.0969e-01,  5.7043e-01]],

           [[-6.7351e-01, -7.0989e-01,  3.1356e-01,  ...,  4.1775e-01,
              9.1679e-01,  3.8914e-01],
            [ 2.6951e-01,  4.8690e-01, -6.7979e-01,  ..., -9.5317e-01,
              5.6556e-01, -5.7114e-01],
            [ 7.7657e-01, -2.5799e-02, -4.1866e-01,  ...,  6.3937e-01,
              1.2918e-01, -1.6919e-01],
            ...,
            [ 6.6440e-01,  2.5487e-01, -5.6666e-01,  ...,  7.9529e-01,
              6.8106e-01,  2.0271e-01],
            [-4.9882e-02,  2.2312e-01,  5.2140e-01,  ...,  3.3906e-01,
             -6.4590e-02, -9.4927e-01],
            [-7.9011e-01,  6.2000e-01,  9.4066e-01,  ...,  8.2709e-01,
             -6.3444e-01, -6.4515e-01]],

           [[ 1.2675e-01, -6.6890e-02,  4.7179e-01,  ...,  1.3032e-01,
              3.2424e-01,  6.7298e-01],
            [ 7.4535e-01, -1.6962e-01, -2.4418e-02,  ..., -3.0663e-01,
              5.5068e-01,  8.3483e-01],
            [-9.7497e-01, -3.6797e-01, -9.3509e-01,  ...,  1.0292e-01,
              4.3122e-01, -8.0597e-01],
            ...,
            [ 7.8844e-01, -8.0912e-01, -5.7494e-02,  ...,  2.1480e-01,
             -5.7345e-01, -4.0992e-01],
            [ 4.9427e-01,  4.3982e-01, -4.9752e-01,  ...,  9.1601e-02,
              2.5407e-01, -4.1256e-01],
            [ 2.9322e-01, -2.4251e-01, -3.6445e-01,  ..., -1.4797e-01,
              2.6440e-02,  2.8139e-01]],

           ...,

           [[ 6.2154e-01,  7.9767e-01,  3.2035e-01,  ...,  6.2852e-01,
             -8.2649e-03, -3.3767e-01],
            [ 1.5182e-01,  7.5980e-02, -2.4074e-02,  ..., -5.0603e-01,
              3.3508e-01, -8.6225e-01],
            [ 6.0400e-01,  4.6775e-02,  4.4752e-02,  ...,  4.2151e-01,
             -5.9348e-01,  5.5347e-01],
            ...,
            [ 9.2468e-01, -8.7522e-01,  5.9372e-01,  ...,  9.7202e-01,
              1.2039e-01, -2.0551e-01],
            [-4.6552e-01,  6.4924e-01, -9.7348e-01,  ...,  8.5579e-01,
             -6.6506e-01, -1.7580e-01],
            [-3.2400e-01, -3.0422e-01, -4.7281e-01,  ..., -1.9775e-01,
              9.9012e-01, -2.4707e-02]],

           [[ 6.1948e-01, -2.6629e-01, -6.8121e-01,  ..., -6.7420e-01,
             -1.1044e-01,  7.8877e-01],
            [-2.2366e-01,  2.7950e-01, -7.8380e-02,  ...,  2.0145e-01,
             -6.0374e-01, -5.7086e-02],
            [-7.2925e-01,  3.6762e-01, -8.4068e-01,  ..., -6.8449e-01,
              9.1299e-01,  7.9660e-01],
            ...,
            [ 2.7741e-01, -7.7543e-01,  4.8727e-01,  ..., -7.9915e-01,
              4.3116e-01, -1.6437e-01],
            [-1.6707e-01, -3.3952e-01, -6.4028e-01,  ..., -7.5222e-02,
              5.3315e-01,  4.5141e-01],
            [-5.0678e-01,  7.5647e-01, -3.7523e-01,  ..., -4.2878e-01,
             -3.0488e-01,  1.3701e-01]],

           [[ 6.7473e-02,  9.4927e-01,  2.3650e-01,  ..., -6.4083e-01,
              3.8069e-02, -9.1042e-01],
            [-5.1276e-01,  8.3611e-01, -3.4930e-01,  ..., -8.7125e-01,
             -9.3699e-01, -9.4411e-01],
            [ 3.6599e-01, -6.5442e-01,  6.7639e-01,  ..., -6.4369e-01,
              4.2184e-01,  3.0365e-01],
            ...,
            [ 5.5998e-02, -1.0095e-01,  2.8085e-01,  ..., -9.6364e-01,
              3.7415e-01,  8.3225e-02],
            [ 5.4798e-01, -6.3179e-01, -5.4221e-01,  ...,  2.9190e-01,
             -8.5335e-01,  8.6104e-01],
            [ 1.0808e-01,  6.1284e-01, -6.6652e-01,  ...,  6.1671e-01,
              2.2484e-01, -8.1756e-01]]],


          [[[-3.4201e-03, -4.2035e-01,  8.9760e-01,  ..., -3.6117e-01,
             -6.9005e-03,  6.4504e-01],
            [ 4.2616e-01, -4.4978e-02,  6.5798e-01,  ...,  7.4450e-01,
              1.2942e-01,  2.4287e-01],
            [-9.9897e-01, -9.2220e-01, -1.0294e-01,  ...,  3.3224e-01,
              4.0273e-02, -2.0184e-01],
            ...,
            [ 8.5554e-01,  1.7572e-01,  3.4498e-01,  ...,  8.4164e-01,
             -1.3031e-02, -7.9280e-02],
            [-8.2619e-01, -2.8569e-01,  5.4168e-01,  ...,  7.5393e-01,
              5.1412e-01, -4.0508e-01],
            [-8.6590e-02, -7.1711e-01, -4.7151e-01,  ..., -2.3153e-01,
             -7.1761e-01,  1.0664e-01]],

           [[-3.2139e-01,  7.0835e-01, -3.9587e-01,  ...,  1.2977e-01,
              6.6656e-02, -3.5235e-01],
            [-9.3997e-01,  2.1400e-01,  5.8023e-01,  ..., -9.0820e-01,
             -4.3547e-01, -2.6706e-01],
            [-6.1365e-01, -3.8302e-01,  6.0761e-01,  ..., -7.7408e-01,
              4.4026e-01,  1.7466e-01],
            ...,
            [ 9.8680e-01, -8.9295e-01,  5.4385e-01,  ...,  6.6712e-01,
             -4.5258e-01, -4.3897e-01],
            [-5.8059e-02,  3.3843e-01, -9.5898e-01,  ..., -1.2098e-02,
              7.1522e-01, -5.2367e-01],
            [ 6.6069e-01,  9.3259e-01, -4.1112e-02,  ..., -8.2392e-01,
              5.5497e-01, -5.7369e-01]],

           [[ 8.8346e-01,  4.7287e-01,  1.9239e-01,  ..., -7.3358e-01,
             -8.2574e-01, -2.5049e-01],
            [ 7.4024e-01, -7.2731e-01, -6.3893e-01,  ...,  6.6325e-01,
              3.3319e-01,  7.0234e-01],
            [ 1.6850e-01, -6.0007e-01, -2.1968e-01,  ...,  9.0262e-01,
              3.1048e-02, -6.8711e-01],
            ...,
            [-9.0193e-01,  4.8398e-01, -7.5962e-01,  ..., -6.5292e-01,
              6.2460e-01, -9.0143e-01],
            [ 4.8411e-01, -5.6096e-01,  6.6492e-01,  ..., -1.1215e-01,
             -8.6256e-01,  1.9255e-01],
            [-3.8344e-01, -1.8659e-01,  2.6507e-01,  ..., -8.0483e-01,
              8.0746e-01,  4.2675e-01]],

           ...,

           [[-7.3617e-01, -4.1764e-01,  1.9581e-01,  ..., -7.4120e-01,
              2.9133e-01,  6.7240e-01],
            [-8.4443e-01,  5.2431e-01,  7.7066e-01,  ...,  5.0403e-01,
             -3.5596e-01, -6.3610e-01],
            [-2.5927e-02, -8.4372e-01, -4.6548e-01,  ..., -9.8199e-01,
              8.5075e-01,  1.0498e-01],
            ...,
            [ 2.1273e-01,  2.9411e-01, -4.4907e-02,  ...,  4.6009e-01,
             -9.7401e-01, -8.4048e-01],
            [ 2.8742e-01,  8.2259e-02,  6.1666e-01,  ..., -7.0387e-01,
              9.2501e-01,  2.4460e-01],
            [-4.7129e-01, -9.1411e-01, -5.9220e-01,  ...,  1.6364e-01,
              7.0198e-01, -6.8705e-01]],

           [[-1.5612e-01, -3.0451e-01,  9.8918e-01,  ..., -8.0202e-01,
              8.5211e-01,  4.3604e-01],
            [-3.0350e-01, -4.6462e-01, -3.1064e-01,  ...,  1.5438e-01,
             -7.7698e-01,  7.0808e-01],
            [ 4.8466e-01,  9.0729e-01,  6.9384e-01,  ...,  9.8970e-01,
             -7.3689e-01, -5.2178e-01],
            ...,
            [ 3.3611e-01,  1.5108e-01,  4.1928e-01,  ..., -9.2791e-01,
              3.4725e-01, -4.9021e-01],
            [-1.4426e-01, -3.4648e-02,  6.3538e-01,  ...,  5.8215e-01,
             -8.7061e-01,  8.8039e-01],
            [ 5.6995e-01, -5.7495e-01,  3.5374e-01,  ..., -8.2776e-01,
              8.6884e-01, -7.6341e-01]],

           [[ 8.2555e-01, -7.2121e-01,  1.8146e-01,  ...,  4.9884e-01,
             -6.8419e-01,  9.7578e-01],
            [-2.0261e-01,  5.9057e-01, -4.1367e-01,  ..., -5.0356e-01,
             -5.1807e-01,  6.2448e-01],
            [-8.7776e-01, -3.0635e-01, -1.3974e-01,  ..., -6.4703e-01,
             -3.0438e-01, -7.3753e-01],
            ...,
            [-5.1308e-01,  5.4331e-02, -5.6480e-01,  ..., -1.1346e-01,
             -2.5435e-01,  5.7649e-02],
            [-2.1498e-01,  7.3196e-01, -7.0793e-01,  ..., -3.8161e-01,
              5.6809e-01,  8.7266e-01],
            [ 2.4273e-01, -7.8859e-01, -1.8819e-01,  ...,  3.2719e-01,
              8.5679e-01,  6.3600e-01]]]]],




        [[[[[ 8.3573e-01, -6.6437e-01,  3.1079e-01,  ...,  2.6038e-01,
             -6.0045e-01,  6.6379e-01],
            [ 3.2171e-01,  5.5261e-01, -2.8378e-01,  ..., -1.4635e-01,
             -7.3185e-01, -8.8817e-01],
            [-2.4171e-01, -1.6343e-02, -6.2032e-01,  ...,  2.1573e-01,
              1.2873e+00,  1.0820e+00],
            ...,
            [ 6.9012e-01,  1.8444e-01,  1.0349e+00,  ..., -6.6827e-01,
              9.1361e-02,  1.1658e+00],
            [-7.1795e-01,  6.1890e-01, -2.2179e-01,  ..., -6.8599e-01,
             -7.0963e-02, -1.0282e+00],
            [-5.6950e-01, -1.2365e+00, -1.9149e-01,  ..., -3.7757e-01,
              5.4660e-02,  9.5231e-01]],

           [[-1.6962e-01, -3.2343e-01, -6.0195e-01,  ...,  2.9412e-01,
              7.5622e-01,  5.6681e-01],
            [ 1.5644e-01,  5.0306e-01, -3.5122e-01,  ..., -1.0199e+00,
             -1.0527e+00,  2.4389e-01],
            [-6.0197e-01, -3.8250e-01, -9.9390e-01,  ...,  5.8462e-01,
              9.7298e-01,  3.9201e-01],
            ...,
            [ 1.6677e+00,  1.3420e-01,  2.2296e-01,  ..., -8.5698e-01,
             -1.9196e-02,  1.6096e-02],
            [-8.1780e-01,  1.3145e+00, -6.8017e-01,  ...,  1.7371e-01,
             -8.9727e-02, -5.3479e-01],
            [-3.2643e-01,  9.7914e-01,  4.7727e-01,  ..., -1.0351e+00,
              9.5718e-01, -5.5839e-01]],

           [[ 3.5648e-01, -4.6051e-01,  1.2487e+00,  ...,  4.0933e-01,
             -4.4170e-01, -2.9005e-01],
            [-6.7340e-01, -6.0984e-01,  7.3118e-01,  ..., -1.9613e-01,
              7.7580e-02,  2.4844e-01],
            [ 2.4158e-01, -3.6307e-02,  1.7362e-01,  ...,  4.1287e-01,
              3.7259e-01, -6.0223e-02],
            ...,
            [ 9.5245e-02, -1.6448e-01,  8.1672e-01,  ...,  1.1416e+00,
              1.5275e-01,  1.5272e+00],
            [ 1.1563e-01, -6.8005e-01, -6.1351e-01,  ..., -5.8327e-01,
             -1.1145e+00, -1.0798e+00],
            [-7.8644e-01,  2.0593e-01,  1.0111e-01,  ..., -8.9336e-01,
              9.0978e-01, -8.2905e-01]],

           ...,

           [[ 5.1974e-02, -4.5546e-01,  6.3959e-01,  ...,  8.8373e-01,
             -8.8543e-01,  6.8881e-01],
            [-1.3874e-01,  1.0602e+00,  1.1735e+00,  ..., -3.2084e-01,
             -9.9753e-01,  2.0261e-01],
            [-1.2119e+00,  1.3230e+00, -1.4261e-01,  ...,  5.6845e-01,
             -2.1554e-02, -1.5815e-01],
            ...,
            [-3.3555e-01, -9.1823e-01, -4.5199e-02,  ...,  4.2113e-01,
              6.9847e-01,  7.3420e-01],
            [-1.1604e+00,  1.7770e-01,  1.8333e-01,  ...,  1.2599e+00,
              3.7359e-01,  1.0154e+00],
            [ 7.3753e-01,  8.0946e-02, -2.3960e-01,  ..., -1.5914e-01,
             -9.0086e-01,  3.5544e-01]],

           [[ 3.1965e-01,  2.9588e-01,  3.6997e-01,  ...,  7.0503e-01,
              1.3694e+00,  2.7882e-01],
            [-5.0795e-02,  1.9893e+00, -1.0991e+00,  ...,  7.4161e-01,
             -4.1306e-01, -2.0280e-01],
            [-1.1579e+00, -9.3360e-02,  3.0820e-03,  ..., -2.1374e-01,
             -4.0507e-01, -1.1146e+00],
            ...,
            [-3.2443e-02,  8.0968e-01,  2.3224e-01,  ...,  5.9198e-01,
             -9.9163e-01,  1.4807e+00],
            [-8.7324e-01,  8.1122e-01,  5.6955e-01,  ..., -6.3888e-01,
              8.5270e-01, -5.3810e-01],
            [-1.6025e-01, -2.5552e-01,  3.3984e-01,  ...,  1.2947e-01,
              8.9663e-02, -7.8452e-01]],

           [[-1.1266e+00,  3.5382e-01,  1.2770e+00,  ..., -1.6262e-01,
             -3.1157e-01, -1.1431e+00],
            [-1.2707e-01, -5.8974e-02,  3.9765e-01,  ...,  2.5975e-01,
             -2.7237e-01, -6.2426e-02],
            [ 1.1057e+00, -9.8861e-02, -5.1648e-01,  ..., -6.2036e-01,
              1.1449e+00,  1.2203e+00],
            ...,
            [ 1.3523e+00,  7.1484e-01,  7.3119e-01,  ...,  5.9300e-01,
             -1.1388e+00,  1.2090e+00],
            [-5.0936e-01,  6.7153e-01,  1.8183e-01,  ..., -4.6176e-01,
              2.8092e-01,  7.9865e-02],
            [-7.7173e-01, -1.2323e+00,  5.1727e-01,  ..., -1.5842e-01,
              7.7907e-01, -7.9363e-02]]],


          [[[ 8.9044e-01, -6.5866e-02, -8.5965e-01,  ...,  3.0948e-01,
              7.5666e-01, -4.8958e-01],
            [-5.7733e-01, -3.5555e-01,  8.5922e-01,  ..., -5.1041e-01,
             -8.9940e-01, -9.7843e-02],
            [ 6.8008e-01, -5.9537e-01,  7.4454e-01,  ...,  1.3345e-01,
              4.9225e-01, -1.0823e-02],
            ...,
            [ 4.8394e-01,  2.0831e-01, -8.5629e-01,  ...,  1.4535e-02,
              8.8448e-01, -6.3708e-01],
            [-4.0956e-01,  8.2237e-01, -7.2452e-01,  ..., -1.7075e-01,
              1.9732e-01, -4.4872e-01],
            [-5.5951e-01, -7.0799e-01,  3.7281e-01,  ...,  2.1785e-01,
             -7.2288e-02,  3.8239e-01]],

           [[-2.0031e-01,  6.1089e-01, -9.1332e-01,  ...,  2.2763e-02,
              1.9338e-01,  4.5630e-01],
            [ 1.9543e-02, -7.0903e-01,  5.4519e-01,  ...,  1.5658e-01,
             -5.1830e-01, -5.6592e-01],
            [ 2.9539e-02, -9.7517e-01,  9.3516e-01,  ...,  9.2589e-02,
              9.5908e-01, -9.2228e-01],
            ...,
            [-7.6346e-01,  3.3822e-01, -4.7985e-01,  ...,  9.4648e-01,
              5.2610e-01,  7.4959e-02],
            [-5.4157e-02,  6.0314e-01, -6.3389e-01,  ..., -6.3574e-01,
              8.5469e-01, -6.3283e-01],
            [-7.4527e-01,  3.7260e-01, -9.2408e-01,  ..., -7.3636e-01,
             -8.1907e-02,  9.7998e-01]],

           [[ 8.8155e-01,  9.1744e-02, -2.4801e-01,  ...,  4.7947e-01,
              7.8497e-01, -1.9076e-01],
            [-9.4088e-01,  9.3694e-01,  8.8763e-01,  ..., -1.2921e-01,
              2.0409e-01,  1.2477e-01],
            [-3.5037e-01,  4.1222e-01, -7.4839e-01,  ..., -3.8582e-01,
             -8.9216e-01,  8.8616e-01],
            ...,
            [ 7.7441e-01, -1.5524e-01,  6.0073e-02,  ...,  4.2773e-01,
              6.1035e-01,  5.5500e-01],
            [-8.0662e-01, -7.4504e-01, -9.9509e-01,  ..., -6.2822e-01,
             -7.3064e-01,  4.6856e-01],
            [-7.8022e-02, -3.6140e-01, -3.3718e-01,  ..., -1.9206e-01,
             -4.8091e-01,  9.2608e-01]],

           ...,

           [[ 7.8009e-01,  6.3152e-01,  4.3515e-01,  ...,  6.6143e-01,
             -8.6495e-01, -7.3643e-02],
            [-1.0004e-01,  9.9036e-01,  8.4698e-01,  ...,  3.9880e-01,
             -2.7830e-01,  1.2501e-01],
            [ 5.5087e-02, -4.6114e-01, -4.9517e-01,  ..., -7.3180e-01,
             -6.3303e-01,  4.2798e-01],
            ...,
            [ 8.2403e-01,  5.1847e-01,  9.5978e-01,  ..., -9.2990e-01,
              2.6770e-02,  8.0827e-01],
            [-3.0563e-03, -7.1313e-01,  8.8672e-01,  ..., -2.9437e-01,
              2.4701e-01, -7.9486e-01],
            [-7.2813e-01,  7.7894e-01, -6.7679e-01,  ..., -3.7084e-01,
              7.2020e-01,  4.0712e-01]],

           [[-7.4005e-01,  8.0523e-01, -5.5585e-01,  ..., -3.6653e-01,
              6.3552e-02,  1.4706e-01],
            [ 3.4042e-01, -5.8947e-03, -7.9522e-01,  ...,  9.8645e-01,
             -9.9777e-01, -7.8324e-02],
            [ 7.3670e-01, -8.7649e-01,  6.2880e-01,  ...,  9.0190e-01,
              2.3838e-01,  3.6177e-01],
            ...,
            [-2.9800e-01,  3.0399e-01, -9.5937e-01,  ..., -9.6742e-01,
              4.9259e-01,  7.3253e-01],
            [ 8.8388e-01, -9.7703e-01,  6.0367e-01,  ...,  9.2569e-01,
             -4.9521e-01, -7.0783e-01],
            [ 4.3048e-01, -1.4424e-01,  7.0705e-01,  ...,  9.6596e-01,
             -1.6345e-02,  8.0952e-01]],

           [[-3.3504e-01, -7.5577e-01, -4.9487e-02,  ..., -3.1324e-01,
             -4.3391e-02, -5.8665e-01],
            [-5.8295e-01,  5.7454e-01,  3.2025e-01,  ...,  9.1665e-01,
              1.3783e-01,  2.9670e-01],
            [ 3.6916e-01,  1.5029e-01,  8.8535e-01,  ..., -4.1912e-01,
              8.8740e-01,  6.9007e-02],
            ...,
            [-3.0730e-01,  9.5250e-02, -5.4262e-01,  ..., -5.1507e-01,
             -6.6162e-01,  9.9927e-01],
            [-4.4981e-01, -6.2163e-01,  4.6881e-01,  ..., -2.0303e-01,
              4.7734e-01,  6.5303e-01],
            [-5.3609e-01,  3.5814e-01,  2.4735e-01,  ...,  6.9575e-01,
             -4.5791e-01, -8.1522e-01]]],


          [[[-4.6170e-01, -5.7715e-01,  4.6839e-01,  ...,  9.8865e-01,
              3.4568e-01,  2.1124e-01],
            [-8.8076e-01, -1.2712e-01, -5.4064e-02,  ..., -4.8552e-01,
             -6.6894e-01, -3.4899e-01],
            [-8.9556e-01,  3.6449e-01,  6.2216e-01,  ...,  2.6875e-01,
             -8.5092e-01, -3.2583e-01],
            ...,
            [-4.8307e-01,  3.2892e-01, -3.1062e-01,  ..., -2.0068e-01,
             -1.4700e-01,  1.7105e-02],
            [-5.5689e-01,  8.9991e-01,  8.7487e-01,  ...,  5.8215e-01,
              8.1194e-01, -4.1033e-01],
            [ 4.5624e-02, -6.6653e-01,  8.8725e-01,  ..., -1.4526e-01,
              2.0882e-01, -3.7709e-01]],

           [[-9.6119e-01,  8.6482e-01, -2.8741e-01,  ...,  8.9677e-01,
              5.6145e-01,  3.5741e-01],
            [-3.6598e-01, -6.1800e-01,  9.3425e-01,  ...,  5.1715e-01,
              2.5848e-01,  4.3035e-01],
            [ 5.1824e-01, -7.3412e-01, -7.5207e-01,  ...,  7.6567e-01,
              8.1793e-01, -3.0651e-01],
            ...,
            [-8.8578e-01,  1.7553e-01,  3.5887e-01,  ...,  4.2878e-02,
             -3.7853e-01, -8.0212e-01],
            [-7.3057e-01,  5.6949e-01, -4.4241e-01,  ...,  1.6366e-02,
             -9.8638e-01,  4.7052e-01],
            [ 3.8292e-01,  3.4753e-01, -9.8255e-01,  ...,  2.8498e-01,
             -1.3250e-01,  7.3507e-01]],

           [[-3.5826e-01, -1.5035e-03,  4.4299e-01,  ...,  4.8518e-02,
              9.7646e-01,  1.0481e-02],
            [ 8.4648e-01, -3.6744e-01, -5.3911e-01,  ...,  6.1980e-01,
              1.8831e-01,  7.6828e-02],
            [ 1.7638e-01,  7.2512e-01, -4.0737e-01,  ...,  4.0385e-01,
              8.1143e-01, -5.5729e-01],
            ...,
            [ 4.3766e-01, -9.7799e-01,  2.6686e-01,  ...,  9.7281e-03,
              2.0220e-01, -9.9823e-01],
            [ 4.8362e-01, -3.7356e-01, -6.3414e-01,  ...,  9.6563e-01,
             -5.9957e-01,  7.3385e-02],
            [-1.5744e-01,  6.6353e-01, -3.0819e-01,  ..., -6.8841e-01,
             -9.4697e-01, -9.7769e-01]],

           ...,

           [[-3.6463e-02, -4.2365e-01, -9.6265e-02,  ..., -7.2651e-01,
             -7.2062e-01,  1.0133e-01],
            [-8.9538e-02, -5.8281e-01, -9.4162e-02,  ..., -7.8026e-01,
             -6.5777e-01,  5.0187e-01],
            [ 8.3218e-01,  3.5066e-01, -9.5204e-01,  ...,  3.1053e-01,
              6.9476e-01, -3.6409e-01],
            ...,
            [-4.5630e-01, -9.7862e-02,  7.0650e-01,  ...,  4.2496e-01,
             -1.0363e-01,  4.1930e-01],
            [ 9.0376e-01,  8.4927e-01,  4.1616e-01,  ..., -8.5100e-01,
              4.4605e-02,  4.7712e-02],
            [-9.0778e-01, -9.9042e-02,  8.0108e-01,  ...,  3.5225e-01,
             -5.8540e-01,  9.3055e-01]],

           [[ 7.6108e-01, -7.4566e-01,  8.6262e-01,  ..., -6.5114e-01,
              2.4443e-01,  8.9259e-01],
            [ 7.4464e-01, -4.4379e-01,  4.3055e-01,  ..., -3.8026e-01,
             -6.0311e-01, -5.2160e-01],
            [-2.3757e-01, -6.0194e-01,  4.3016e-01,  ...,  1.3317e-03,
              2.2844e-01, -2.7171e-01],
            ...,
            [ 6.3712e-01,  9.1503e-01, -5.4128e-01,  ...,  7.3561e-01,
             -6.0000e-01, -7.4035e-01],
            [-1.5190e-01,  2.3209e-01, -5.4268e-01,  ..., -1.6118e-02,
              6.8179e-01,  3.9774e-01],
            [-3.1804e-01,  2.3652e-01, -7.1131e-01,  ...,  4.8908e-01,
              1.9344e-01,  5.0267e-01]],

           [[ 4.5729e-01,  9.6158e-01, -1.1289e-01,  ..., -8.2737e-01,
              5.1918e-01, -2.1284e-01],
            [ 4.1887e-01, -1.3681e-01, -4.2135e-01,  ...,  5.7148e-01,
              4.0256e-01,  1.6008e-01],
            [-1.1252e-02, -9.6036e-01,  6.7912e-01,  ..., -5.0783e-01,
             -9.4725e-02,  2.9358e-01],
            ...,
            [-5.8117e-01,  6.5698e-01,  8.2565e-01,  ...,  4.6735e-01,
              9.8253e-01,  5.0965e-01],
            [-9.8818e-01,  8.0316e-02, -4.3871e-01,  ..., -7.1668e-01,
             -2.3553e-01,  7.6205e-01],
            [-2.3304e-01, -6.3328e-01, -2.3972e-01,  ..., -1.8622e-01,
             -6.8156e-01, -3.5208e-01]]],


          ...,


          [[[ 9.2927e-01, -2.7729e-01, -6.4652e-01,  ...,  7.1454e-01,
             -4.5363e-01, -6.5059e-01],
            [ 7.1205e-01,  4.6846e-01,  3.9603e-01,  ..., -3.4037e-01,
              9.5565e-01, -3.1424e-01],
            [ 3.2618e-01, -4.8122e-01, -9.4216e-01,  ..., -9.3087e-01,
             -6.6122e-01, -4.3332e-01],
            ...,
            [ 3.5105e-01, -4.0794e-01, -1.6384e-01,  ...,  3.5295e-01,
              9.9351e-01,  3.7660e-01],
            [ 6.4286e-01,  9.7923e-01, -2.9559e-01,  ...,  3.9045e-01,
             -7.9892e-02,  1.0419e-01],
            [-1.4733e-01,  3.4540e-01,  4.9644e-01,  ..., -2.8117e-01,
              6.1645e-01,  8.8246e-01]],

           [[ 2.8288e-01, -1.2153e-01, -1.8905e-01,  ..., -7.4526e-01,
             -1.7220e-01,  7.7757e-01],
            [ 7.3423e-01, -7.4480e-01, -2.7727e-01,  ...,  1.0519e-01,
             -8.6403e-01, -6.4299e-01],
            [-3.4616e-01,  7.8397e-02,  8.4080e-01,  ..., -4.9273e-01,
             -9.4962e-01, -1.5094e-02],
            ...,
            [ 1.7593e-01, -3.6038e-01,  9.9174e-01,  ..., -7.4575e-01,
             -9.1562e-01,  3.8277e-01],
            [ 5.5306e-01, -9.5990e-01, -9.8839e-01,  ...,  7.5065e-01,
              3.2041e-01, -1.4618e-01],
            [-3.7426e-01, -8.8840e-01,  3.5138e-01,  ..., -1.0411e-01,
              6.5633e-01, -5.0129e-01]],

           [[-8.1949e-01, -6.6266e-01, -6.8557e-01,  ..., -4.9524e-01,
             -3.6578e-01, -7.9724e-01],
            [ 3.7649e-01,  4.3023e-01,  8.7164e-01,  ...,  3.7549e-01,
              1.1870e-01,  9.7306e-01],
            [ 7.2021e-01,  6.7421e-01,  6.7852e-01,  ..., -9.7479e-01,
             -9.7742e-01,  2.6367e-01],
            ...,
            [ 1.2048e-01, -2.4457e-01,  4.5287e-01,  ..., -8.7898e-01,
             -5.0237e-01,  4.0046e-01],
            [-5.0433e-01,  5.6045e-01, -1.7772e-01,  ...,  1.1283e-01,
             -7.4650e-02,  5.6728e-01],
            [ 9.1290e-01,  2.1529e-01, -6.1438e-01,  ..., -6.2711e-01,
             -2.6040e-01, -9.0299e-01]],

           ...,

           [[ 7.6521e-01,  5.6504e-01,  1.5165e-01,  ...,  3.5218e-01,
             -7.8200e-01,  3.7775e-01],
            [ 2.8749e-01,  7.4179e-01, -6.9415e-01,  ..., -8.6198e-01,
             -1.1634e-01, -9.7480e-01],
            [ 9.9776e-01,  2.6702e-01, -9.4504e-01,  ..., -5.4168e-01,
             -2.9361e-01,  2.3473e-01],
            ...,
            [ 5.7969e-01, -6.0491e-01,  8.0604e-01,  ..., -7.7966e-01,
              5.0650e-01, -7.5403e-01],
            [ 5.2971e-01, -3.7077e-01, -9.4836e-01,  ...,  9.6832e-01,
             -5.7595e-01, -1.6813e-01],
            [-4.0399e-01,  2.6579e-01,  8.7530e-01,  ...,  6.1208e-01,
             -7.3416e-01, -1.1860e-03]],

           [[-4.2942e-01, -4.5059e-01, -2.2655e-01,  ..., -8.0295e-01,
              6.8284e-02, -9.1481e-01],
            [-1.3697e-01,  9.1149e-01,  4.5329e-01,  ...,  7.1796e-01,
              5.2698e-01,  1.9956e-01],
            [ 7.5138e-01,  2.6038e-02, -1.3232e-01,  ..., -6.9311e-01,
              9.5423e-01, -7.1865e-01],
            ...,
            [ 7.4258e-01,  7.8584e-01,  9.0494e-01,  ...,  2.3013e-01,
             -5.7990e-01, -5.3358e-01],
            [-6.7520e-01, -9.3265e-01, -6.7325e-01,  ..., -7.2181e-02,
              9.9849e-01,  2.7404e-01],
            [ 4.1652e-01,  5.3951e-01, -1.7605e-01,  ...,  1.4980e-01,
             -4.0049e-01,  7.5001e-01]],

           [[-1.2621e-01,  9.3635e-01,  6.3893e-01,  ...,  2.0296e-01,
             -6.3497e-01,  5.3956e-01],
            [ 3.6890e-01, -6.0802e-01,  8.7894e-02,  ...,  1.4327e-01,
              4.5070e-01, -6.3672e-01],
            [-4.9526e-01, -4.6194e-01, -4.8455e-01,  ...,  8.1253e-01,
             -4.9498e-01,  6.7419e-01],
            ...,
            [-2.0201e-01,  2.8104e-01,  4.9221e-01,  ...,  1.7270e-01,
             -7.8048e-01,  9.5830e-01],
            [-1.4286e-01,  3.8255e-01,  3.1471e-01,  ..., -4.5310e-02,
             -4.5171e-01, -8.7567e-01],
            [ 7.8955e-01,  9.3873e-01,  4.8552e-01,  ...,  2.1089e-01,
              9.3935e-01,  7.9095e-01]]],


          [[[-1.7434e-01, -5.1813e-01, -5.7704e-01,  ..., -6.5370e-03,
             -9.0004e-01,  1.8481e-01],
            [-9.0105e-01, -2.2076e-01,  5.3419e-01,  ...,  4.5924e-01,
             -9.4559e-01,  2.9272e-01],
            [ 1.5181e-01, -3.8852e-01, -5.1467e-01,  ...,  8.7586e-02,
              2.3809e-01,  9.3984e-01],
            ...,
            [ 6.3438e-01, -7.8962e-01, -4.6222e-01,  ..., -9.0647e-01,
              3.9858e-02, -2.2279e-01],
            [-4.0996e-01,  7.2498e-01,  5.3881e-01,  ..., -5.1076e-01,
             -1.4954e-01, -3.7295e-02],
            [-5.2770e-01,  1.1891e-01, -5.1434e-01,  ..., -3.6681e-01,
              2.2892e-01,  7.0828e-01]],

           [[-9.3690e-01, -4.4723e-01,  2.7639e-01,  ..., -1.4603e-01,
              1.6854e-01, -7.4696e-01],
            [-5.3330e-01,  1.7189e-01, -2.2751e-01,  ...,  1.9822e-01,
              5.6576e-01, -9.6608e-01],
            [-6.5334e-01, -9.5500e-01, -1.2515e-01,  ..., -8.3017e-01,
              3.4758e-02,  8.6448e-01],
            ...,
            [ 3.8329e-01,  8.7346e-01, -3.1154e-01,  ..., -7.7530e-01,
             -1.9123e-01, -9.3307e-01],
            [-8.1813e-02,  6.0532e-01, -4.0116e-01,  ...,  9.7705e-01,
             -9.0496e-01,  1.0789e-01],
            [ 7.2189e-01, -4.3900e-01, -1.1297e-01,  ...,  1.2707e-01,
              9.0990e-01, -2.0874e-01]],

           [[-5.2426e-01, -4.9891e-01, -4.6451e-01,  ...,  4.2127e-01,
             -6.8072e-01,  9.6553e-01],
            [-1.2208e-01,  7.4532e-01,  4.9636e-02,  ..., -9.2169e-01,
             -1.7518e-01,  1.8133e-01],
            [-6.2835e-01,  9.9744e-02,  9.6850e-01,  ...,  5.7246e-01,
              9.0115e-01,  7.9106e-01],
            ...,
            [ 7.4445e-01,  9.3906e-01, -5.5338e-01,  ...,  8.4462e-01,
              9.4114e-02,  9.8621e-01],
            [ 7.1450e-01, -1.9178e-02, -7.5426e-01,  ..., -7.3279e-01,
             -7.3801e-01, -4.5543e-01],
            [-4.9753e-01, -9.5066e-01, -6.4450e-01,  ..., -2.2811e-01,
              5.9140e-01, -7.9597e-01]],

           ...,

           [[ 5.1971e-01, -2.5067e-01,  6.3010e-01,  ..., -1.6671e-01,
              1.2468e-01, -4.5753e-01],
            [ 8.2842e-02,  8.2358e-01, -7.0146e-01,  ..., -7.8150e-01,
              4.3479e-01, -5.4974e-01],
            [ 8.8795e-01, -3.5195e-01, -1.2028e-02,  ..., -5.3367e-01,
             -8.6084e-01, -8.2144e-01],
            ...,
            [ 3.5537e-01, -6.4432e-01, -4.2974e-01,  ...,  6.9109e-01,
             -6.9215e-01,  9.4409e-01],
            [-8.2181e-01,  6.0543e-01, -9.6804e-01,  ...,  7.1896e-01,
             -5.3906e-01,  8.8791e-02],
            [ 5.2602e-01, -8.3590e-01,  9.4138e-02,  ...,  9.2698e-01,
              7.2678e-01, -2.1335e-01]],

           [[-8.0548e-01,  5.3694e-01,  6.4163e-01,  ..., -2.3362e-01,
              3.6652e-01,  9.2662e-01],
            [ 9.6969e-02, -7.2101e-01, -9.5283e-01,  ...,  3.0420e-01,
             -3.0675e-01, -2.5156e-01],
            [-3.0991e-01, -5.0606e-02,  1.4538e-01,  ..., -2.5002e-01,
             -6.8058e-01, -5.3699e-01],
            ...,
            [ 8.9220e-02, -1.2560e-01, -3.3271e-01,  ...,  4.9896e-01,
             -8.1092e-01, -4.3775e-01],
            [-2.0353e-01,  4.9482e-02,  2.5796e-01,  ...,  9.0039e-01,
             -4.3291e-01,  6.8940e-01],
            [-6.9788e-01, -8.6736e-01, -9.7444e-01,  ..., -4.6148e-01,
             -4.2849e-01, -2.6033e-01]],

           [[-6.1834e-01, -1.9836e-01,  6.2515e-01,  ..., -7.4970e-01,
              7.5822e-01, -6.0342e-01],
            [ 8.4212e-01, -3.3719e-01, -9.1122e-01,  ...,  3.9181e-01,
             -2.2298e-02, -1.7689e-01],
            [ 7.0429e-01,  6.2430e-01,  5.7082e-01,  ..., -3.6782e-01,
              8.4876e-01, -5.4129e-01],
            ...,
            [ 6.9320e-01, -9.5304e-01, -5.3616e-01,  ...,  1.3893e-01,
              6.4090e-01,  6.3438e-01],
            [ 6.8865e-01, -2.1162e-01,  3.3518e-01,  ..., -4.1177e-01,
              3.6108e-01,  7.3416e-01],
            [-1.0609e-01, -9.0228e-01, -5.8566e-01,  ..., -3.4347e-01,
              5.9489e-01, -4.7418e-01]]],


          [[[-3.6875e-02, -8.8802e-01, -3.7167e-01,  ..., -8.2309e-01,
              6.7754e-01, -2.0890e-01],
            [-6.6765e-01, -6.3649e-01, -4.7879e-01,  ...,  9.0104e-01,
              6.7619e-01,  3.4758e-01],
            [ 5.9251e-01, -5.0420e-01, -8.2163e-01,  ...,  6.7696e-01,
             -7.6966e-01,  1.1749e-01],
            ...,
            [ 8.9124e-01,  4.7772e-01,  9.6940e-01,  ..., -8.3362e-01,
              4.4073e-01, -8.3151e-01],
            [-9.2629e-01,  4.5482e-01,  5.6549e-01,  ..., -1.7992e-01,
             -3.9637e-01,  5.1617e-01],
            [ 6.5690e-01,  1.7108e-01, -2.6984e-02,  ...,  6.9941e-01,
              9.1752e-01, -3.6660e-01]],

           [[ 3.9052e-02, -6.1195e-01,  6.7452e-01,  ...,  4.4609e-01,
              1.3371e-01, -1.1686e-01],
            [ 3.0327e-01,  2.4807e-01,  8.4101e-01,  ...,  6.9058e-01,
             -2.2662e-01, -3.0973e-01],
            [ 8.1419e-01, -2.0218e-01,  5.6914e-01,  ..., -3.5842e-01,
              8.7502e-01, -5.7502e-01],
            ...,
            [ 1.1186e-01, -6.8250e-01,  1.5612e-01,  ..., -9.0399e-01,
              8.0489e-01,  7.2410e-01],
            [-6.7452e-01, -3.4194e-01,  4.7369e-01,  ..., -1.6172e-01,
             -1.1507e-01, -5.7961e-01],
            [ 5.6027e-01, -3.6584e-01, -9.6624e-01,  ...,  9.0057e-01,
             -1.5389e-01,  7.6206e-01]],

           [[ 1.6768e-01, -2.0685e-01,  9.1899e-01,  ...,  6.7916e-01,
             -7.5385e-01,  7.3558e-01],
            [ 1.7676e-01,  6.5913e-01,  3.7397e-01,  ...,  5.2302e-01,
             -9.3337e-02, -3.3276e-01],
            [-9.9429e-01, -5.9025e-01,  4.5716e-01,  ...,  7.8367e-01,
              8.3685e-01,  1.0882e-01],
            ...,
            [-5.2571e-01, -2.1841e-01,  5.3212e-01,  ...,  1.8924e-01,
             -6.5560e-01,  3.8290e-02],
            [ 8.4142e-01, -9.7079e-01, -3.2041e-01,  ...,  3.5919e-01,
              7.4556e-01, -9.3964e-01],
            [-8.1682e-01, -1.6998e-01, -2.9353e-01,  ..., -5.9086e-01,
              4.4808e-01, -3.2132e-01]],

           ...,

           [[-2.9963e-01, -7.7147e-01, -2.9734e-01,  ..., -3.1860e-01,
              1.8331e-01,  2.4390e-01],
            [-4.4199e-01,  8.2044e-01, -1.9194e-01,  ...,  9.4975e-01,
              1.2135e-01, -5.3449e-02],
            [ 4.7706e-01,  7.8781e-01, -4.5517e-01,  ..., -3.1288e-01,
              6.3385e-02,  4.7697e-01],
            ...,
            [ 6.6345e-01,  2.0344e-02, -5.1599e-01,  ..., -3.0324e-01,
             -2.1352e-01, -1.2878e-01],
            [-7.7189e-01,  8.2581e-01,  6.8605e-01,  ...,  4.5594e-01,
              6.2129e-01, -6.3627e-01],
            [ 7.1678e-01,  1.2960e-01, -1.0426e-01,  ...,  9.9226e-01,
              8.2109e-02, -4.3464e-01]],

           [[ 8.3220e-01,  8.7165e-01,  9.3971e-01,  ...,  2.6780e-01,
              6.4357e-01,  9.5383e-01],
            [ 5.8198e-01, -8.8481e-01, -3.2511e-02,  ...,  1.9155e-01,
             -8.8423e-01,  8.2364e-01],
            [ 5.1725e-01,  9.3671e-01, -9.2204e-02,  ..., -7.7286e-01,
              9.3813e-01, -3.3016e-01],
            ...,
            [ 1.3169e-01,  4.3234e-01,  3.7562e-02,  ...,  9.8855e-01,
             -4.0385e-01,  2.5643e-01],
            [-9.1187e-01, -4.4576e-01, -7.2178e-01,  ..., -6.7786e-01,
             -4.2340e-01, -5.3300e-01],
            [-5.3728e-01,  9.9713e-01,  1.8164e-01,  ..., -1.8563e-01,
             -8.5994e-01,  6.3245e-01]],

           [[ 3.9300e-02,  4.4509e-01, -9.3859e-01,  ...,  2.2157e-01,
             -9.0799e-01, -7.4871e-01],
            [ 2.0070e-01,  8.5871e-02,  1.7967e-02,  ..., -3.1181e-01,
              9.4230e-02, -9.3787e-01],
            [ 8.5273e-01, -3.9965e-01, -3.2853e-01,  ..., -3.5287e-01,
             -2.0806e-01, -6.3757e-01],
            ...,
            [ 7.1185e-01,  5.4547e-02, -6.0078e-01,  ...,  6.1341e-01,
             -3.1595e-02,  5.7158e-01],
            [ 9.6259e-01, -1.8782e-01,  6.0681e-01,  ...,  2.8025e-01,
              5.3280e-01,  7.6524e-02],
            [-5.6751e-01,  4.5881e-02,  7.5588e-01,  ..., -7.1423e-01,
             -8.4641e-01, -4.6326e-01]]]],



         [[[[-3.6439e-01,  6.7446e-01,  2.2877e-01,  ..., -1.0563e-01,
              7.2448e-01, -8.4771e-01],
            [ 6.3149e-01,  9.8510e-01, -1.3148e-01,  ..., -8.3169e-01,
             -3.5653e-01,  2.0370e-01],
            [ 2.3668e-01,  8.9126e-01,  5.1786e-01,  ..., -1.0244e-01,
              8.9542e-01, -1.5685e-01],
            ...,
            [ 4.7897e-01, -7.3407e-01, -3.3009e-01,  ..., -3.9211e-01,
             -9.1023e-01,  2.0257e-01],
            [-3.1765e-02,  6.3253e-01,  1.7624e-01,  ..., -9.9313e-01,
             -6.5328e-01, -9.3243e-01],
            [ 7.0224e-01,  2.4515e-01,  6.4137e-01,  ...,  7.0110e-01,
             -3.3581e-01,  1.8591e-01]],

           [[ 5.3357e-01, -5.4051e-01,  1.2158e-01,  ...,  1.1774e+00,
             -5.2378e-01, -8.6670e-01],
            [-6.0768e-01,  6.9767e-01,  8.8792e-01,  ..., -1.0123e-01,
              4.0006e-01,  4.6629e-01],
            [-1.1289e-01,  1.0249e-01, -3.6348e-01,  ...,  1.6162e-01,
              1.2227e+00, -9.0672e-01],
            ...,
            [-3.0989e-01,  6.0182e-01, -7.6354e-01,  ..., -1.1089e-01,
             -8.8778e-01,  1.2154e+00],
            [-7.9454e-01,  7.5198e-01, -5.4940e-01,  ..., -3.0854e-01,
             -1.1558e+00,  3.1235e-02],
            [-8.9818e-01, -1.1183e-01, -5.5598e-01,  ...,  1.3588e+00,
              5.3763e-01,  9.3746e-01]],

           [[-1.1294e+00, -4.5588e-01, -1.7355e-01,  ..., -1.9139e-01,
              3.3529e-01, -7.8309e-02],
            [ 2.9563e-01,  3.6596e-01,  1.0589e+00,  ..., -4.6709e-01,
             -2.8988e-01, -1.0239e+00],
            [ 7.3336e-02, -2.5791e-01, -7.1834e-01,  ...,  6.8709e-01,
             -4.3324e-01,  4.8032e-01],
            ...,
            [ 1.1654e+00, -1.3191e+00, -1.4259e+00,  ..., -5.3889e-01,
             -1.1501e+00,  1.0057e+00],
            [-8.9639e-01,  5.4310e-01,  1.0430e+00,  ..., -5.5169e-01,
             -3.7938e-01, -1.7936e-01],
            [ 5.0986e-02,  2.1219e-01,  6.1182e-01,  ...,  1.0759e+00,
             -4.0201e-01,  3.8056e-01]],

           ...,

           [[-1.3081e+00, -1.1494e-01, -7.7803e-01,  ...,  2.4880e-01,
              2.6945e-01,  3.4474e-02],
            [ 1.1978e+00, -4.5782e-01,  3.6625e-01,  ..., -1.0871e+00,
             -8.5947e-01,  8.7481e-01],
            [-8.6743e-01,  9.8095e-01, -8.1263e-01,  ..., -1.4578e-01,
              1.1482e+00, -7.8693e-01],
            ...,
            [ 8.1024e-01, -4.9535e-01, -3.1438e-01,  ...,  4.3635e-01,
             -1.1265e+00,  7.2610e-01],
            [-4.0351e-01,  2.0913e+00,  1.0688e+00,  ...,  5.3613e-01,
             -3.1381e-01,  7.7771e-02],
            [ 2.9646e-01,  2.3550e-01,  2.4223e-01,  ..., -6.7023e-01,
             -7.7582e-01,  1.1117e+00]],

           [[-6.9906e-01, -7.6356e-01,  1.8702e-01,  ...,  1.2432e+00,
             -1.0335e-01, -1.1147e+00],
            [ 4.3028e-01, -1.0424e+00,  4.2752e-01,  ..., -9.7678e-01,
             -2.7485e-01,  4.9636e-01],
            [-1.5535e-01, -2.1546e-01, -9.2495e-01,  ...,  7.4003e-01,
              5.6587e-01, -9.0177e-02],
            ...,
            [ 1.2058e+00, -3.3047e-01,  3.9863e-01,  ...,  5.6336e-01,
              6.6316e-01,  5.6580e-02],
            [-8.7218e-01,  1.1237e+00, -6.1786e-01,  ..., -1.0225e-01,
             -6.6224e-01, -2.1660e-02],
            [ 2.8746e-02,  6.4632e-01,  6.2397e-01,  ...,  4.9217e-01,
             -3.0826e-01, -5.1782e-01]],

           [[-6.7262e-02, -1.0542e+00,  5.7603e-01,  ...,  5.1574e-01,
              4.8692e-01, -6.1441e-01],
            [ 4.9159e-01,  5.9215e-02,  1.0480e+00,  ..., -4.1125e-01,
              2.2453e-01, -9.9075e-01],
            [ 6.8990e-01,  5.4798e-01, -2.1269e-02,  ..., -6.3783e-01,
              1.3648e+00,  7.3785e-01],
            ...,
            [-3.8651e-01, -4.5080e-01,  7.4981e-01,  ..., -4.9960e-01,
              1.0415e-01, -3.0447e-01],
            [-1.3931e+00,  2.5669e-01,  1.1838e+00,  ..., -6.0304e-01,
              8.5142e-01, -1.5559e+00],
            [ 8.9271e-01,  2.0679e-02,  2.9164e-01,  ...,  7.6152e-01,
             -1.4834e-01, -1.7433e-01]]],


          [[[ 6.9283e-01, -6.8018e-01, -9.9115e-01,  ..., -6.0410e-01,
              1.2600e-01,  7.6551e-01],
            [ 1.8901e-01,  1.4419e-01, -6.1875e-01,  ..., -5.0954e-01,
              5.7991e-01,  8.3089e-01],
            [-1.2557e-01, -5.4633e-01,  6.6262e-01,  ...,  4.8549e-01,
              7.1623e-01, -2.7095e-01],
            ...,
            [ 3.8944e-01,  7.9863e-01,  8.4979e-01,  ...,  5.9938e-01,
              9.8969e-01,  2.6676e-02],
            [-6.6786e-01,  5.0318e-01, -3.5439e-01,  ...,  9.8103e-01,
              2.1696e-01,  3.5698e-01],
            [ 2.0531e-01, -7.0655e-01, -4.4925e-01,  ..., -7.4867e-01,
              7.6713e-01, -2.9238e-01]],

           [[-1.0774e-01,  3.5182e-01, -7.0338e-01,  ...,  1.4419e-01,
             -7.4072e-01, -9.7553e-01],
            [ 2.5559e-01, -7.4466e-01,  4.8959e-01,  ..., -7.6158e-01,
             -6.4657e-01, -2.0359e-01],
            [-9.8514e-01,  4.3088e-02, -2.8426e-01,  ..., -6.9976e-01,
              2.3516e-01,  3.6549e-01],
            ...,
            [-8.7560e-01, -7.3042e-01,  9.2292e-01,  ..., -7.1701e-01,
              1.7672e-01, -2.3653e-01],
            [ 3.9722e-01, -5.8691e-01,  9.1421e-01,  ..., -2.1620e-01,
              6.8331e-01,  4.6301e-01],
            [-1.6026e-01,  8.9574e-01, -6.3495e-01,  ...,  7.4665e-01,
             -9.6602e-01,  9.1085e-01]],

           [[-9.8702e-01, -3.4529e-01, -3.4441e-01,  ..., -4.1384e-01,
             -2.8621e-01, -8.1585e-01],
            [-7.9985e-01, -5.2048e-01,  5.7228e-01,  ..., -5.3295e-01,
             -1.6367e-01,  7.2871e-01],
            [-3.3367e-02,  8.2121e-02,  5.5343e-01,  ..., -9.3649e-01,
              4.3537e-01, -2.0700e-01],
            ...,
            [-2.9645e-01,  7.8829e-01, -6.4840e-01,  ...,  1.7987e-01,
             -5.3310e-01,  6.1657e-01],
            [ 6.6002e-02,  6.2279e-01, -2.9091e-01,  ...,  7.1293e-01,
              2.1454e-01, -6.5429e-01],
            [ 7.1376e-01,  4.2132e-01, -6.7661e-01,  ...,  6.1096e-01,
              8.3282e-01,  2.6696e-01]],

           ...,

           [[-6.5253e-01, -5.7703e-01, -3.1691e-02,  ..., -2.4155e-01,
             -1.9896e-01,  8.2748e-01],
            [-2.8870e-01,  4.8977e-01, -2.5875e-01,  ..., -2.3034e-01,
              5.0828e-01, -9.3073e-01],
            [-5.4735e-01,  4.3580e-01,  6.5907e-02,  ...,  4.6551e-03,
             -7.3352e-03, -1.0481e-01],
            ...,
            [-3.9569e-01,  5.2425e-01,  6.3774e-01,  ...,  7.6267e-01,
              7.6682e-01,  7.0515e-01],
            [-6.7291e-02,  7.8802e-01,  2.6852e-01,  ..., -2.4706e-01,
              1.3127e-01, -8.7448e-01],
            [ 4.4696e-01, -4.3381e-01,  6.6854e-01,  ...,  9.4135e-01,
             -2.5869e-01,  4.8625e-01]],

           [[ 9.4081e-01, -4.5646e-01, -1.1634e-01,  ..., -3.4524e-01,
              7.8597e-01,  4.3621e-01],
            [ 4.6743e-01,  1.4758e-02, -9.6556e-01,  ..., -9.5615e-01,
             -8.6120e-01, -3.3381e-01],
            [ 5.0205e-01,  6.4457e-01,  6.5498e-02,  ..., -9.6581e-01,
             -9.2449e-01, -5.5279e-01],
            ...,
            [ 3.3222e-01, -5.2458e-01, -9.0095e-01,  ...,  1.3484e-02,
             -1.6921e-01, -2.4613e-01],
            [ 7.7884e-01, -1.7692e-01, -4.3961e-01,  ..., -8.4103e-01,
              6.1777e-01, -7.9566e-01],
            [ 1.3547e-01, -5.4827e-01,  6.9641e-01,  ...,  7.9172e-01,
              8.1188e-01, -8.8895e-01]],

           [[ 5.6650e-02,  3.9322e-01, -4.8704e-01,  ...,  2.0688e-01,
             -6.6648e-01,  8.1333e-01],
            [-2.8919e-01,  8.7857e-01,  4.3742e-01,  ...,  2.0641e-02,
              6.6110e-01,  8.0783e-01],
            [ 2.9567e-01,  2.9856e-03,  5.1539e-01,  ...,  9.4990e-01,
             -1.6601e-01,  1.5646e-01],
            ...,
            [ 4.6037e-01, -6.1761e-01, -4.0405e-01,  ..., -4.1537e-01,
             -2.8314e-01,  1.9684e-01],
            [-1.4145e-01,  8.1002e-01,  3.6434e-01,  ..., -4.7391e-01,
             -2.6817e-01,  1.4729e-01],
            [-3.9245e-01,  1.5954e-01,  6.0117e-01,  ...,  2.0331e-01,
              1.2893e-01,  2.9565e-01]]],


          [[[ 2.4136e-01,  7.9556e-01,  9.5449e-01,  ...,  4.7674e-01,
             -9.0009e-01, -3.0228e-02],
            [ 7.1269e-01, -4.2603e-01,  9.2974e-01,  ..., -9.1340e-01,
              9.0013e-01,  6.3126e-01],
            [ 6.0525e-01, -2.6321e-02,  1.6518e-01,  ..., -1.7659e-01,
              8.5910e-01, -7.7547e-01],
            ...,
            [ 4.8210e-01,  8.7599e-01, -1.3035e-01,  ..., -2.9593e-01,
              9.6479e-01, -5.3974e-01],
            [-4.7278e-01, -5.9731e-01,  5.6077e-01,  ...,  2.1677e-01,
             -4.3504e-01,  7.0868e-01],
            [ 8.6723e-01,  6.8421e-01,  7.4861e-01,  ...,  1.7703e-01,
              6.1382e-01, -7.9210e-01]],

           [[-5.6936e-01,  7.4746e-01,  6.7020e-01,  ..., -7.9829e-01,
             -6.9576e-02,  4.3348e-01],
            [ 9.7451e-01, -9.4477e-01, -5.6145e-01,  ..., -1.4002e-01,
              5.3322e-01, -3.9148e-01],
            [ 7.9828e-02, -3.5207e-02, -1.0603e-01,  ...,  4.0519e-01,
              7.5049e-01,  3.0957e-02],
            ...,
            [ 8.4553e-01,  5.7569e-01,  6.1788e-02,  ...,  6.1915e-01,
              5.4984e-01,  9.7035e-01],
            [ 8.6898e-01, -6.4880e-02, -5.0859e-02,  ...,  3.2397e-01,
              6.2749e-01,  6.1830e-01],
            [ 7.1097e-02,  8.6655e-01, -2.5014e-01,  ...,  4.0078e-01,
              2.2777e-02, -2.2901e-01]],

           [[-3.0764e-01,  5.1988e-01,  9.8942e-01,  ...,  7.7338e-01,
             -6.8212e-01,  5.7087e-01],
            [ 5.4744e-01, -4.1165e-01,  9.3767e-01,  ..., -3.8417e-01,
             -9.6991e-01,  1.8442e-02],
            [ 8.0052e-01, -6.0785e-01,  9.4678e-01,  ..., -1.3988e-01,
             -7.1692e-01, -5.2076e-01],
            ...,
            [ 1.7987e-01,  1.9952e-01,  9.8937e-01,  ...,  9.6039e-01,
             -8.2372e-01,  3.4229e-01],
            [-2.8600e-02,  1.6477e-01, -8.6138e-02,  ...,  1.4943e-02,
             -6.9226e-02, -2.8916e-01],
            [-2.2388e-02, -8.3648e-01,  4.7521e-01,  ...,  6.5912e-01,
              7.6935e-02, -9.5269e-01]],

           ...,

           [[ 2.5786e-01, -5.5472e-01,  3.2457e-01,  ...,  3.0086e-01,
             -4.6953e-01, -8.4781e-01],
            [-4.5017e-01,  8.8710e-01,  1.2966e-03,  ..., -6.9804e-01,
              1.5789e-01,  3.8262e-01],
            [ 7.2474e-01, -6.8585e-01, -7.6673e-01,  ...,  4.5007e-01,
             -4.2549e-01, -6.5707e-01],
            ...,
            [ 6.0725e-01,  2.4931e-01,  1.3582e-01,  ..., -9.8628e-01,
             -9.5417e-01, -7.3409e-01],
            [-7.7405e-01,  5.5894e-01, -7.2666e-01,  ...,  7.7445e-01,
              7.7328e-01,  6.2924e-01],
            [ 7.8809e-01, -4.2936e-01,  5.1628e-01,  ...,  5.1196e-01,
              5.1872e-01, -4.4039e-01]],

           [[-8.4573e-01, -5.6531e-01, -2.4911e-01,  ...,  4.9789e-01,
              4.2336e-02, -3.4496e-01],
            [-6.2868e-01,  5.3600e-01, -5.7208e-01,  ...,  6.2894e-01,
             -9.8941e-01, -2.5055e-01],
            [ 9.9849e-01,  6.4622e-01, -5.5958e-01,  ..., -1.6997e-01,
              8.6188e-01, -1.1357e-01],
            ...,
            [-4.3257e-01,  4.6673e-01, -7.1245e-01,  ...,  2.9892e-01,
              2.6443e-01, -8.8337e-01],
            [-6.0310e-01, -2.9030e-01,  1.7665e-01,  ..., -8.7498e-02,
              3.8784e-01, -6.7229e-01],
            [-8.8409e-01, -4.8277e-01,  2.1623e-01,  ...,  8.5193e-01,
              8.0736e-01, -2.2240e-01]],

           [[-5.5074e-01, -2.7549e-01,  4.5678e-01,  ..., -8.1097e-02,
             -5.5067e-01,  8.3757e-01],
            [-6.2246e-01, -8.2003e-01,  4.5898e-01,  ..., -5.9849e-01,
              1.9657e-01,  3.0926e-01],
            [-5.6108e-01, -9.3486e-01,  2.6995e-01,  ...,  3.5352e-01,
             -4.0348e-01,  3.6868e-01],
            ...,
            [-6.4840e-01,  2.2911e-01,  8.2723e-01,  ..., -4.2710e-01,
             -4.2345e-01, -2.0474e-01],
            [-9.3383e-01, -5.6734e-01, -2.6525e-01,  ...,  2.6297e-01,
             -6.4279e-01, -3.9157e-01],
            [ 3.3939e-01, -9.6883e-01, -8.9693e-01,  ...,  7.4540e-01,
              4.8052e-01, -4.7782e-01]]],


          ...,


          [[[-9.6449e-01,  4.2890e-01,  5.5137e-01,  ..., -3.0618e-02,
             -9.4176e-02, -9.1463e-01],
            [ 5.8059e-01, -6.2616e-01, -9.4374e-01,  ..., -4.8162e-01,
             -5.8468e-01,  8.6090e-01],
            [ 6.5321e-01, -1.5223e-01, -5.9164e-01,  ..., -3.3791e-01,
              6.0071e-01,  5.2191e-01],
            ...,
            [-8.6962e-01,  3.7333e-01, -3.5208e-01,  ..., -4.5610e-01,
              6.6933e-01, -7.3590e-01],
            [-4.8959e-01,  6.6580e-01, -9.3061e-01,  ...,  9.5834e-02,
             -5.6446e-01,  7.8398e-01],
            [-4.4887e-01, -3.4263e-01,  8.8871e-01,  ...,  2.7313e-01,
             -5.4617e-01, -3.6393e-01]],

           [[-3.1491e-01, -4.9739e-01, -2.0593e-01,  ...,  4.6603e-01,
             -2.2251e-01, -1.2647e-01],
            [-2.5304e-01, -6.8365e-01,  7.3164e-01,  ...,  5.8911e-01,
              2.9463e-01,  5.9904e-01],
            [-3.7404e-02, -4.0726e-01,  6.0368e-03,  ...,  7.6742e-01,
              1.1855e-01,  2.5957e-01],
            ...,
            [-4.9306e-01, -1.1611e-01, -2.8412e-01,  ...,  2.3673e-01,
              3.6276e-01, -7.4485e-01],
            [-7.4588e-01,  7.3744e-01, -7.4492e-01,  ..., -9.1457e-01,
              1.3413e-01,  2.4160e-01],
            [-9.5608e-01, -6.7133e-01, -9.6673e-01,  ...,  1.1306e-01,
              5.7758e-01, -7.4712e-01]],

           [[-2.9767e-01, -6.0737e-01, -7.5485e-01,  ..., -7.6432e-01,
             -1.0589e-03, -7.2418e-01],
            [ 2.8606e-01, -4.8513e-01,  5.6227e-01,  ...,  5.1979e-01,
             -2.5371e-01, -7.0284e-02],
            [-5.1117e-01,  7.1202e-01, -5.2524e-01,  ...,  9.3725e-01,
              7.2567e-01, -7.4209e-01],
            ...,
            [-7.7683e-01, -1.2038e-01,  2.8127e-01,  ..., -9.3018e-01,
              1.7810e-01,  7.6000e-01],
            [-5.4507e-01, -5.8393e-02,  2.8748e-01,  ..., -4.6708e-01,
             -2.3282e-01, -4.9259e-01],
            [-4.0883e-01, -5.7007e-01,  6.4511e-01,  ...,  3.1426e-02,
              4.9062e-01,  7.1975e-01]],

           ...,

           [[ 1.2890e-01, -5.2176e-02, -7.9351e-01,  ..., -8.8836e-01,
              5.2495e-01, -8.6311e-01],
            [-8.5993e-01, -7.2969e-03,  8.7663e-01,  ...,  2.0444e-01,
             -5.9679e-01, -3.5777e-01],
            [ 5.8067e-01,  2.7140e-01,  3.6673e-01,  ..., -9.0588e-01,
              6.7407e-01, -9.0179e-01],
            ...,
            [-3.6568e-01, -2.8120e-01, -3.6131e-01,  ...,  6.6737e-01,
              1.3743e-01,  1.5296e-02],
            [-5.6601e-01,  4.7046e-01,  5.6754e-01,  ..., -9.5756e-01,
             -1.3611e-01, -1.6874e-01],
            [-2.0608e-01,  5.7931e-01, -9.4258e-01,  ..., -4.8315e-01,
             -2.7686e-01, -5.6859e-01]],

           [[-7.7183e-01,  2.6167e-01, -7.0170e-01,  ...,  4.1530e-01,
             -4.6685e-01,  3.5908e-02],
            [-2.6716e-01,  7.9315e-01, -4.8692e-01,  ..., -1.7027e-01,
             -5.3395e-01,  1.2580e-01],
            [ 8.7228e-01, -1.8434e-01, -5.9696e-01,  ..., -7.1106e-01,
              1.4678e-01,  5.0149e-01],
            ...,
            [-6.5688e-01, -3.7875e-01,  8.9665e-01,  ...,  2.6727e-01,
              6.7944e-01, -6.7154e-01],
            [-3.4534e-01,  5.1946e-01, -4.9349e-01,  ...,  9.7585e-01,
              4.6996e-01,  8.0367e-01],
            [ 1.9095e-01,  2.2654e-01,  7.0025e-01,  ..., -7.3514e-01,
              1.0013e-01,  5.3648e-01]],

           [[-1.5677e-02,  5.8157e-02, -3.3268e-01,  ..., -6.0041e-01,
              5.3293e-02,  4.7508e-01],
            [ 5.9551e-01, -6.1081e-01,  1.6964e-01,  ..., -5.8751e-01,
             -7.9600e-01, -2.9072e-01],
            [-8.7313e-01,  4.8731e-01, -9.6664e-01,  ..., -6.0308e-01,
              8.1043e-01, -6.1732e-02],
            ...,
            [-4.1557e-01,  6.9615e-01,  5.8124e-01,  ..., -4.3480e-01,
             -7.8519e-02,  8.0114e-01],
            [-6.4664e-01,  1.9409e-02,  1.7354e-01,  ...,  9.3365e-01,
              7.4430e-01,  4.3835e-01],
            [-6.0531e-02,  1.0263e-01, -2.7918e-02,  ..., -9.2831e-01,
              9.0141e-01, -1.2735e-01]]],


          [[[-4.2988e-01, -1.9958e-02, -8.9722e-01,  ...,  5.1732e-01,
              7.5983e-01,  1.8570e-01],
            [-5.7196e-01,  4.9287e-01, -1.6545e-01,  ...,  1.3618e-01,
             -6.4823e-01, -1.5269e-02],
            [-4.6119e-01, -5.8517e-01, -4.4022e-01,  ...,  5.8494e-01,
             -9.5280e-01,  7.8021e-01],
            ...,
            [ 1.9956e-01, -2.8697e-01, -3.3331e-01,  ..., -4.3621e-01,
              4.9788e-01,  4.2150e-01],
            [ 4.0811e-01,  6.2479e-01, -3.5243e-01,  ...,  9.2062e-01,
              9.0242e-01, -7.3497e-01],
            [-4.0722e-01, -7.9929e-01, -3.6326e-01,  ...,  5.4717e-01,
             -6.4329e-01,  4.5100e-01]],

           [[-9.8097e-01,  2.1397e-01, -7.4512e-01,  ...,  2.8666e-01,
             -4.6952e-01, -8.7999e-01],
            [ 1.1749e-01,  9.4449e-01, -9.1860e-01,  ...,  7.0268e-02,
              8.3351e-01, -2.5030e-01],
            [ 3.5536e-01,  8.0557e-01,  4.1223e-01,  ...,  2.3914e-01,
              5.0294e-01,  4.4565e-01],
            ...,
            [-2.4783e-02, -6.8728e-02,  8.0056e-01,  ..., -8.5017e-01,
              4.2800e-01, -4.5585e-01],
            [ 6.4541e-01,  2.2027e-01,  7.5763e-01,  ...,  9.2664e-01,
             -9.7118e-01, -9.3173e-01],
            [-3.8583e-01,  9.8593e-01, -1.3858e-01,  ...,  9.4155e-01,
              9.6300e-01,  4.2226e-01]],

           [[ 9.6340e-01, -4.9553e-01,  4.2703e-01,  ...,  9.4700e-01,
              5.1274e-01,  8.4194e-01],
            [ 6.3802e-01, -9.8883e-01, -4.4488e-01,  ..., -4.3081e-01,
             -6.3420e-01,  2.1898e-02],
            [ 2.2220e-02, -9.8803e-03,  1.6706e-01,  ...,  2.0052e-01,
              4.0162e-01,  1.5031e-01],
            ...,
            [-2.2897e-01,  2.5784e-02, -7.6866e-01,  ...,  1.2027e-01,
              6.7839e-01, -5.8502e-01],
            [ 2.3426e-01,  2.0666e-02,  5.8005e-01,  ...,  7.8866e-01,
             -2.1809e-01, -7.3080e-01],
            [ 7.3526e-01, -3.2987e-01,  7.1843e-01,  ..., -5.7552e-01,
              2.7205e-01, -5.3944e-02]],

           ...,

           [[ 6.6178e-01, -5.2557e-01,  8.8445e-01,  ...,  6.4925e-01,
              5.6418e-01,  7.4751e-01],
            [-9.5785e-02, -6.2408e-02,  6.3641e-01,  ...,  9.1246e-01,
              6.2149e-01,  3.9109e-03],
            [-1.6678e-01,  9.5318e-01, -2.3426e-01,  ..., -7.6856e-01,
              7.6184e-01,  1.3319e-01],
            ...,
            [ 7.8411e-01,  4.2081e-01,  5.3377e-01,  ...,  9.5512e-01,
             -1.1857e-01, -7.1356e-01],
            [ 4.0321e-01, -9.3437e-01,  3.6289e-01,  ..., -1.7567e-01,
             -7.7427e-01,  7.6677e-01],
            [-2.0202e-01, -5.7586e-01, -3.9966e-01,  ...,  5.9595e-01,
              2.7167e-01,  2.2871e-01]],

           [[-1.2032e-01, -8.6022e-01, -1.4549e-01,  ..., -5.9520e-01,
             -8.2363e-01,  7.9401e-01],
            [ 2.1150e-01,  9.4301e-01,  9.2865e-01,  ...,  2.5787e-01,
             -4.2399e-02,  5.1392e-01],
            [-2.6461e-01, -6.7911e-01, -2.4582e-01,  ..., -7.8749e-01,
              6.8181e-01, -2.3270e-01],
            ...,
            [-5.9547e-01,  6.1918e-01,  2.2611e-01,  ..., -6.2090e-01,
             -8.0057e-03, -3.0006e-01],
            [-1.6708e-01, -3.5798e-02, -2.0949e-01,  ...,  1.5557e-01,
              8.3834e-01,  1.4543e-01],
            [-1.2851e-01,  5.7297e-01, -7.8289e-01,  ...,  8.5588e-01,
              8.4362e-01, -2.0314e-01]],

           [[ 1.0462e-01, -3.8113e-01,  4.4926e-01,  ...,  1.9323e-01,
             -4.9349e-01,  3.6493e-01],
            [-8.5259e-01, -5.9568e-01,  7.5298e-01,  ...,  2.8859e-02,
              1.7710e-01, -2.3570e-01],
            [ 1.9036e-01,  3.7712e-01,  2.2441e-01,  ...,  3.9417e-01,
              8.4515e-01,  5.3466e-01],
            ...,
            [-7.0934e-01, -2.1993e-01, -7.8926e-01,  ..., -3.4633e-01,
              3.7726e-01,  9.3181e-02],
            [-6.3250e-01, -8.6128e-01,  9.3632e-01,  ..., -6.5038e-01,
             -6.3199e-01,  4.2058e-01],
            [ 9.7236e-01,  1.8826e-01,  8.9690e-01,  ..., -5.1332e-01,
             -5.5737e-01,  9.2959e-01]]],


          [[[-2.4869e-02, -6.7206e-01, -2.4025e-01,  ...,  7.0511e-01,
             -5.5158e-01, -3.0735e-01],
            [-5.3103e-01, -7.1108e-01, -7.2964e-01,  ..., -6.7200e-01,
              7.2586e-01,  5.4962e-01],
            [-5.6718e-01, -6.9053e-01, -9.8481e-01,  ..., -6.2703e-01,
             -7.4962e-02,  6.7077e-01],
            ...,
            [-8.0409e-01,  3.3192e-01, -4.9199e-01,  ...,  9.5308e-01,
              6.2495e-01, -8.1668e-01],
            [-4.1895e-01,  6.4896e-01,  9.0166e-02,  ...,  9.6443e-01,
             -6.9012e-01,  4.5106e-01],
            [ 7.2785e-01, -1.8807e-01, -7.6595e-01,  ..., -6.5080e-01,
             -4.4134e-01, -5.8390e-01]],

           [[ 2.9225e-01, -6.9343e-01, -8.2666e-01,  ..., -3.1188e-01,
              6.1763e-01, -5.4695e-01],
            [ 5.8652e-01, -6.5231e-01, -4.6092e-01,  ..., -9.1042e-01,
             -9.4129e-01,  2.7802e-01],
            [ 7.8304e-01,  7.2144e-01, -7.0584e-01,  ..., -8.3851e-01,
             -1.3059e-01, -9.5688e-01],
            ...,
            [ 7.8966e-01, -7.7895e-01, -9.0401e-01,  ..., -4.4330e-01,
              7.4326e-01, -8.9908e-01],
            [ 3.9944e-02, -1.2984e-02,  6.8859e-01,  ..., -3.0538e-01,
              4.6351e-01, -6.2981e-01],
            [ 6.0685e-01,  1.3247e-01,  6.7265e-01,  ...,  2.4607e-02,
              8.1957e-01, -7.6888e-01]],

           [[ 5.8234e-01, -5.4855e-01,  7.6971e-01,  ..., -8.5992e-01,
             -2.1549e-01,  1.6970e-01],
            [ 4.4660e-01,  4.6464e-02,  2.9162e-01,  ...,  7.8994e-01,
             -9.9500e-01, -3.9855e-03],
            [ 2.0140e-01,  7.5662e-01, -3.5048e-01,  ..., -1.6641e-01,
              2.8376e-01,  2.4108e-01],
            ...,
            [-8.7740e-01, -8.0206e-01,  6.6068e-01,  ...,  1.9927e-01,
             -7.2555e-01,  9.9813e-02],
            [ 9.5158e-01, -2.4598e-01,  6.2652e-02,  ...,  7.4872e-01,
              3.5320e-01,  6.7034e-01],
            [ 8.4258e-01,  7.9924e-01,  2.0012e-01,  ..., -5.9676e-01,
              4.7332e-01,  1.1892e-01]],

           ...,

           [[-8.6608e-01,  8.0405e-01, -8.0629e-01,  ...,  9.2056e-01,
             -2.8368e-01,  2.8036e-01],
            [ 6.6940e-01,  6.7237e-01,  8.1744e-01,  ...,  9.1182e-01,
              3.7090e-01,  8.6175e-01],
            [ 6.0154e-02, -5.0695e-01, -8.7138e-01,  ...,  2.9002e-01,
             -2.3947e-01,  8.4512e-01],
            ...,
            [-3.0082e-01,  2.6960e-01, -8.4570e-01,  ..., -2.8198e-01,
             -3.4180e-02, -6.6469e-01],
            [ 5.7799e-01,  1.8043e-01,  3.7916e-01,  ...,  9.1587e-01,
             -7.1936e-01,  9.2127e-01],
            [ 8.4273e-01,  9.6864e-01, -2.9639e-01,  ..., -4.0650e-01,
              2.7449e-01,  7.9190e-02]],

           [[-1.0128e-01,  4.6822e-01, -4.7023e-01,  ...,  9.3552e-01,
              8.1232e-01,  6.7553e-01],
            [-7.3490e-02,  5.7993e-01, -7.2916e-01,  ..., -8.8650e-01,
              9.2986e-01, -1.0446e-01],
            [-2.4971e-01, -8.1459e-01, -5.4254e-01,  ...,  2.9171e-01,
              6.8393e-01,  7.0547e-01],
            ...,
            [-2.6175e-01,  2.8068e-01,  2.2357e-01,  ...,  8.7447e-01,
              8.0373e-01,  7.2280e-02],
            [-5.2046e-01,  3.7623e-01,  1.9065e-01,  ..., -3.5668e-01,
              6.6331e-01, -7.9896e-01],
            [ 8.5564e-01, -6.1101e-01, -1.7652e-01,  ...,  1.2871e-01,
             -8.2548e-01,  8.6377e-01]],

           [[-2.4216e-01, -2.1497e-01, -1.4048e-01,  ..., -1.1452e-01,
              8.5765e-01, -9.4599e-02],
            [ 7.6758e-01, -6.6898e-01,  1.0659e-01,  ..., -4.2668e-01,
             -6.4818e-01, -7.2289e-01],
            [-8.1511e-03,  2.5481e-01, -3.7603e-01,  ..., -5.2999e-01,
             -4.7662e-01, -1.1696e-01],
            ...,
            [ 1.8797e-01, -1.2788e-01, -2.8192e-01,  ...,  7.0261e-01,
             -2.8413e-01,  4.7012e-01],
            [ 7.1743e-01, -1.5202e-01,  9.3129e-02,  ...,  1.9277e-01,
             -4.0312e-01, -3.8835e-01],
            [ 5.9960e-01,  2.4825e-01, -9.2916e-01,  ..., -4.2532e-01,
              3.0113e-01,  8.4627e-01]]]]],




        [[[[[ 2.6443e-01,  4.9280e-01,  4.3131e-01,  ..., -3.7940e-01,
              5.9676e-01,  4.1668e-01],
            [ 8.4012e-01,  7.3660e-02, -7.3769e-01,  ...,  1.1426e-01,
              9.5882e-02,  1.5093e-01],
            [ 6.4664e-01, -3.6434e-01,  7.2586e-01,  ...,  2.8062e-01,
             -8.8487e-01,  3.3460e-01],
            ...,
            [ 9.8244e-01,  3.6751e-01, -9.2783e-01,  ...,  3.6399e-01,
             -9.4795e-01,  9.5909e-01],
            [ 4.5879e-01,  4.5314e-01,  8.8167e-01,  ..., -6.4463e-01,
              5.0926e-01,  7.8702e-01],
            [ 7.9212e-01,  4.2861e-01, -2.8852e-01,  ..., -9.0295e-02,
              9.3920e-01,  1.5293e-01]],

           [[ 9.8572e-01,  6.6318e-01,  6.0754e-01,  ...,  7.8735e-01,
              3.4371e-01,  1.9236e-01],
            [-3.6012e-01, -4.5389e-01, -4.7164e-01,  ..., -4.6361e-01,
              2.8930e-01, -1.1595e-01],
            [ 7.6132e-01, -4.4976e-01,  7.8637e-01,  ..., -3.6639e-01,
             -3.5465e-01, -7.6204e-01],
            ...,
            [-6.4292e-01, -5.5610e-01, -7.8179e-01,  ..., -8.9215e-01,
              7.3304e-01,  3.5456e-01],
            [ 7.2832e-02, -5.0306e-01,  5.7078e-02,  ..., -4.7277e-01,
             -9.4393e-01, -6.1573e-01],
            [-1.3313e-01, -7.3914e-01, -9.3826e-01,  ...,  1.7762e-01,
              4.2074e-01, -4.6103e-01]],

           [[ 6.7893e-01,  5.3291e-01,  7.8127e-01,  ...,  4.3367e-01,
              9.5979e-01,  5.8632e-03],
            [ 5.0706e-01,  6.5414e-01, -3.9268e-01,  ...,  5.2219e-01,
             -9.2161e-01,  7.2133e-02],
            [ 3.5820e-01, -3.1841e-01, -2.8206e-01,  ...,  3.8653e-01,
             -9.3629e-01, -8.2399e-01],
            ...,
            [-8.5938e-01, -2.5498e-01, -4.1626e-01,  ..., -9.7166e-01,
              3.0413e-01,  8.8490e-01],
            [-3.7193e-01, -5.6254e-01, -4.2392e-01,  ..., -3.4501e-01,
              5.0006e-01,  5.0003e-01],
            [ 1.9418e-01, -1.3799e-01,  4.5964e-01,  ...,  4.9045e-01,
             -3.5670e-01,  2.6412e-01]],

           ...,

           [[ 2.0691e-01, -4.0429e-01, -5.7375e-01,  ...,  3.2854e-03,
              9.1865e-01,  7.0279e-01],
            [-8.5333e-01,  6.1307e-01, -5.2441e-01,  ..., -5.8125e-01,
             -7.6674e-01, -1.2751e-01],
            [-1.3786e-01, -7.5651e-01,  8.2116e-02,  ...,  7.9205e-01,
             -1.6011e-01,  6.2215e-01],
            ...,
            [-1.2694e-01,  9.8783e-01,  5.3462e-01,  ...,  1.6175e-01,
             -4.5093e-01,  7.7482e-01],
            [ 6.7363e-01,  1.4631e-01,  2.8005e-01,  ...,  1.9707e-01,
              5.9779e-02, -8.3714e-01],
            [-8.1259e-01, -5.0650e-01,  8.9742e-01,  ..., -9.0085e-01,
              8.1853e-01,  8.1538e-01]],

           [[ 5.6765e-03, -9.8556e-01,  5.7581e-01,  ...,  5.3967e-01,
              7.6995e-01, -4.6194e-01],
            [-7.6220e-01,  9.7076e-01,  3.6941e-01,  ...,  9.5421e-01,
              8.4851e-01, -9.6921e-01],
            [ 8.5778e-01,  5.0559e-01, -3.1939e-01,  ...,  7.8215e-01,
              6.6089e-01, -6.6654e-02],
            ...,
            [-7.1509e-01, -7.3754e-01,  6.0698e-01,  ...,  6.4505e-01,
              9.1884e-01, -2.2630e-01],
            [-6.5240e-01, -2.2163e-01,  5.2323e-01,  ...,  8.5256e-01,
             -8.0427e-01, -9.5587e-01],
            [ 9.5526e-01,  5.3538e-01,  8.8408e-01,  ..., -1.6106e-01,
             -2.0115e-01,  5.3281e-01]],

           [[-9.1096e-01, -7.2694e-01,  9.5521e-01,  ..., -5.6863e-01,
             -6.8724e-01,  7.5632e-01],
            [-8.5081e-01,  3.6682e-01,  2.4992e-01,  ...,  1.2558e-01,
              8.9963e-01,  2.8505e-01],
            [ 3.8601e-01,  9.7035e-01, -1.1222e-01,  ..., -8.0931e-01,
              4.9864e-01,  2.9559e-01],
            ...,
            [-5.4585e-01, -2.0047e-01, -7.8763e-01,  ...,  1.4923e-01,
             -2.7368e-01, -7.9223e-01],
            [ 9.0948e-01, -6.2836e-01, -3.0931e-01,  ..., -5.7294e-01,
             -4.7712e-02, -9.6869e-01],
            [ 8.2318e-01,  6.6714e-01,  9.5233e-01,  ..., -8.5851e-01,
              4.2434e-01,  4.4839e-01]]],


          [[[ 1.6974e-01,  4.9464e-01, -3.5360e-02,  ...,  2.7588e-01,
             -5.8193e-01,  6.0399e-02],
            [-2.2522e-01,  5.3095e-01,  9.9389e-01,  ..., -6.5205e-02,
              5.3585e-01, -1.2336e-01],
            [ 1.2238e-01, -8.7824e-01, -9.9041e-02,  ...,  5.2968e-01,
             -8.2243e-01, -9.8582e-01],
            ...,
            [-3.8596e-01,  4.7471e-01,  5.4183e-02,  ...,  2.2666e-01,
             -7.4054e-01,  2.8592e-01],
            [ 5.9503e-02, -9.0494e-01, -2.7215e-01,  ..., -7.1873e-01,
              6.3381e-01,  4.3779e-01],
            [-1.5602e-01, -8.5030e-01,  4.5642e-01,  ..., -7.6468e-01,
             -1.3163e-01, -4.7551e-02]],

           [[-9.5175e-01,  7.4739e-01,  3.5011e-01,  ..., -9.7492e-01,
             -5.3301e-02, -3.6325e-01],
            [-7.1491e-02, -1.1976e-01,  2.9512e-01,  ...,  9.6707e-01,
              6.8946e-01, -4.6787e-01],
            [ 2.7793e-01,  8.9605e-01, -1.9315e-03,  ..., -9.5317e-01,
              5.5603e-01,  9.0585e-01],
            ...,
            [-6.3608e-02,  7.2615e-01,  6.9963e-01,  ...,  7.7323e-01,
              5.8913e-01, -2.7200e-01],
            [-4.2157e-01, -6.8738e-01,  9.4664e-01,  ...,  4.8760e-01,
              3.1555e-01,  6.8155e-02],
            [ 7.2702e-01,  4.0370e-02, -6.6154e-01,  ...,  3.8024e-01,
             -2.0005e-02,  7.0322e-01]],

           [[-8.0290e-01,  5.2720e-01, -8.6920e-02,  ...,  2.1136e-01,
             -6.1750e-01, -4.2889e-01],
            [-6.4846e-01, -1.9230e-01,  4.6093e-01,  ...,  7.7360e-01,
              1.3663e-02, -7.9659e-01],
            [ 2.1631e-01, -1.3025e-01,  6.7357e-02,  ..., -4.7960e-01,
             -8.5785e-01, -4.8805e-01],
            ...,
            [ 9.1663e-01, -3.8629e-01,  5.0433e-01,  ...,  9.8442e-01,
             -1.7506e-01, -6.5799e-01],
            [-7.8280e-01, -6.5057e-01, -4.3108e-01,  ...,  9.6554e-01,
             -4.9177e-01, -8.5832e-01],
            [-1.2028e-01, -5.3707e-01, -7.8051e-01,  ...,  1.8440e-01,
             -1.3758e-01, -4.8455e-02]],

           ...,

           [[-3.8009e-01, -7.3385e-01,  7.9818e-02,  ...,  5.7009e-01,
              4.9818e-01, -5.9092e-01],
            [-2.7412e-01, -3.4990e-01, -5.9163e-01,  ...,  9.5929e-02,
             -3.3500e-01, -1.8708e-01],
            [-5.8545e-01, -2.4440e-01,  5.1880e-01,  ...,  1.1728e-01,
             -1.2231e-02, -8.6892e-01],
            ...,
            [-1.6394e-01,  1.1478e-02,  8.7266e-01,  ..., -6.5751e-01,
              9.3706e-01,  1.4125e-01],
            [ 5.2054e-01, -5.2165e-01,  8.6208e-01,  ..., -9.4229e-01,
             -5.4934e-01,  8.5658e-01],
            [ 7.3187e-01, -9.4749e-02,  5.5209e-01,  ...,  1.5685e-01,
             -7.1436e-01, -3.1483e-01]],

           [[-3.6419e-02,  6.5953e-01, -6.1066e-01,  ..., -5.1695e-02,
              1.0013e-01,  2.7393e-01],
            [ 8.1789e-01,  8.0783e-01,  5.9989e-02,  ..., -6.1199e-01,
             -4.4004e-01,  6.0950e-01],
            [-9.9400e-01,  6.1990e-01, -4.3429e-01,  ..., -3.4206e-02,
             -9.3558e-01,  8.9554e-01],
            ...,
            [-1.0583e-01, -1.2752e-01,  4.4204e-01,  ...,  4.5750e-01,
              7.0088e-01, -2.5298e-01],
            [-7.8351e-01,  1.2223e-01, -5.9251e-01,  ...,  7.5935e-02,
              6.0985e-01,  2.5714e-01],
            [-9.7569e-01,  4.5308e-01, -8.0069e-01,  ..., -2.5590e-01,
              7.5537e-01,  8.8207e-01]],

           [[-1.4673e-01, -2.8038e-01,  2.1984e-01,  ...,  8.2349e-01,
              8.9529e-01,  2.1188e-01],
            [ 1.7509e-01,  7.6535e-01, -7.2048e-01,  ...,  9.6216e-01,
              7.3585e-01,  1.7989e-01],
            [ 6.1802e-01,  1.8946e-01,  7.3070e-01,  ...,  1.7004e-01,
              1.6012e-02,  7.1770e-01],
            ...,
            [ 9.6331e-01,  9.7563e-01,  7.0173e-01,  ...,  7.7629e-02,
             -4.2014e-01, -5.8603e-01],
            [-3.8008e-01,  9.2151e-01,  4.6792e-01,  ..., -5.7641e-02,
              9.5750e-01, -5.4736e-01],
            [ 1.4947e-01,  7.2604e-01,  9.1113e-01,  ...,  8.6323e-01,
              9.3239e-01, -9.4832e-01]]],


          [[[ 1.1563e-01,  2.4454e-01, -6.2035e-01,  ..., -3.6390e-01,
             -7.5086e-01,  6.3931e-01],
            [ 8.4837e-01,  7.5702e-01,  8.4732e-01,  ...,  4.9970e-01,
              8.5336e-01,  7.0503e-02],
            [-1.3299e-01, -9.4688e-01,  6.6080e-01,  ...,  1.1430e-01,
             -3.5239e-01,  2.3058e-01],
            ...,
            [-6.6579e-01, -2.0598e-01, -7.7523e-01,  ..., -5.8417e-01,
              4.4819e-01, -8.8759e-01],
            [-5.2965e-01, -9.4196e-01, -1.0228e-01,  ..., -9.3885e-01,
             -9.8761e-01,  2.9738e-02],
            [-2.8874e-01,  6.8945e-01, -7.9593e-01,  ..., -1.6830e-01,
             -5.7984e-01,  4.8142e-01]],

           [[-7.0105e-01,  4.3651e-01,  4.4476e-01,  ..., -8.0361e-02,
              4.6600e-02, -5.8923e-01],
            [-3.6547e-01, -1.0148e-01,  8.2546e-01,  ..., -3.5184e-01,
             -9.9134e-01,  9.0445e-01],
            [ 7.4558e-02,  5.5034e-01, -6.3920e-01,  ..., -3.8736e-01,
             -6.3144e-01, -5.3211e-01],
            ...,
            [-4.6903e-01,  6.8096e-01,  3.6710e-02,  ..., -5.9635e-01,
             -7.7518e-01, -7.1066e-01],
            [ 1.8125e-01, -5.3217e-01,  2.4642e-01,  ...,  3.4333e-01,
              9.4494e-01,  2.9245e-01],
            [ 3.2034e-01, -8.2890e-01,  7.6154e-01,  ..., -2.1325e-01,
             -5.2084e-02, -1.2798e-01]],

           [[-3.4226e-02, -4.1871e-01,  6.6491e-01,  ..., -6.0800e-01,
             -5.9490e-01, -6.6529e-01],
            [ 1.5171e-01, -2.7883e-01, -6.1700e-01,  ..., -1.1740e-01,
             -1.9436e-01,  2.7461e-01],
            [ 7.4263e-01, -2.3490e-02, -5.4119e-01,  ..., -1.9905e-01,
             -5.6836e-01, -4.8614e-01],
            ...,
            [ 2.2571e-01,  5.5286e-01,  7.5351e-01,  ...,  8.1439e-01,
             -9.4424e-01, -5.4428e-01],
            [ 6.2006e-01, -8.0103e-01,  5.7361e-01,  ...,  5.9454e-01,
              5.3082e-02,  3.7206e-01],
            [ 9.8206e-01,  2.1219e-01,  9.9404e-01,  ..., -3.2324e-01,
              1.9409e-01,  3.4502e-01]],

           ...,

           [[-5.8186e-01,  5.1770e-01, -5.4641e-01,  ...,  9.6606e-01,
             -3.0229e-01,  6.9666e-01],
            [ 9.5658e-01,  9.6613e-01, -1.7089e-01,  ..., -7.3243e-01,
              7.5485e-01,  5.9796e-02],
            [ 2.4764e-01,  5.6578e-01, -2.9405e-02,  ...,  8.3428e-01,
              7.9856e-01,  3.2841e-01],
            ...,
            [ 1.5929e-01, -4.2139e-01, -1.8195e-01,  ..., -4.8512e-01,
             -2.9652e-01, -6.5500e-01],
            [ 6.5245e-01,  3.8960e-01, -8.6478e-02,  ..., -3.2088e-01,
             -2.5996e-01, -2.3254e-01],
            [-9.8716e-01, -4.3901e-01, -6.4830e-01,  ...,  3.9192e-01,
             -6.5936e-01, -8.8933e-01]],

           [[ 2.9249e-01, -3.5691e-01, -9.5460e-01,  ...,  6.3755e-01,
             -1.0551e-01,  9.9144e-01],
            [-9.3873e-01, -8.1495e-01, -3.7168e-01,  ..., -7.9496e-01,
             -5.7093e-01,  6.9188e-01],
            [-2.1845e-01,  9.0985e-01, -5.9656e-01,  ..., -2.8714e-01,
              9.5924e-01, -9.0672e-01],
            ...,
            [-5.2490e-01,  9.6020e-01, -9.2383e-01,  ...,  2.2753e-01,
              2.8135e-01,  7.3302e-01],
            [-5.1397e-01,  9.2127e-01,  2.4082e-01,  ...,  6.6052e-01,
             -9.8174e-01, -8.5852e-01],
            [ 5.0477e-01, -3.2595e-01, -5.2436e-01,  ...,  7.6428e-01,
              8.2927e-01,  9.1760e-01]],

           [[-7.3229e-01,  5.2000e-01,  8.4128e-03,  ..., -3.4075e-01,
             -5.2827e-01,  6.1217e-01],
            [-9.1347e-01,  5.0929e-01,  7.1701e-01,  ...,  7.2313e-01,
             -3.4153e-01,  7.6351e-01],
            [-1.3440e-01, -8.4089e-02, -8.1341e-01,  ..., -1.8890e-01,
             -8.4225e-01,  4.5912e-01],
            ...,
            [ 8.4597e-01,  4.4696e-01,  3.5851e-01,  ...,  3.3970e-01,
              4.5171e-01,  5.5438e-01],
            [-5.1402e-01,  6.0234e-01,  5.5613e-01,  ...,  6.2473e-01,
              6.9663e-01,  9.8977e-01],
            [ 2.9886e-02,  2.3742e-01, -8.2969e-01,  ...,  4.0699e-01,
             -1.4041e-01, -8.5399e-01]]],


          ...,


          [[[ 5.3730e-01,  3.1746e-01,  2.8219e-01,  ...,  7.6883e-01,
              9.8014e-01, -1.0798e-01],
            [-3.7601e-01,  6.1308e-01, -9.1879e-01,  ...,  3.3721e-01,
              6.2428e-01,  3.3498e-01],
            [-9.5522e-01, -3.4387e-01,  7.7704e-01,  ...,  1.7629e-02,
              1.9831e-01,  5.2559e-01],
            ...,
            [-7.7662e-01, -5.0449e-01, -3.4268e-01,  ...,  9.6630e-01,
             -3.6748e-01, -7.7445e-01],
            [-1.6921e-02, -6.1008e-02,  4.7580e-01,  ..., -8.7287e-01,
              4.1683e-01, -7.0975e-01],
            [-4.2631e-01,  9.3229e-01,  2.9920e-01,  ..., -3.8193e-01,
             -2.8533e-01, -1.5408e-01]],

           [[ 5.6499e-01, -5.2274e-01,  7.0271e-01,  ...,  6.8506e-01,
             -6.4167e-02,  4.9168e-01],
            [ 1.5177e-01, -9.9860e-01, -7.5341e-01,  ...,  6.8522e-01,
              6.3364e-01,  8.1081e-01],
            [ 3.7877e-01, -9.5536e-01, -7.7348e-01,  ..., -4.8858e-01,
              9.1567e-02, -7.2298e-01],
            ...,
            [-1.4284e-01, -1.3774e-01,  7.0449e-01,  ...,  6.4156e-01,
              9.1610e-01,  4.9865e-03],
            [ 6.6630e-02,  6.1935e-01, -5.5517e-01,  ..., -4.5613e-01,
              9.0245e-02,  2.3476e-01],
            [-3.6420e-01, -8.2953e-02,  8.7516e-01,  ..., -2.7936e-01,
              4.1209e-01, -2.2621e-02]],

           [[ 9.8940e-01,  2.0850e-01,  6.2961e-01,  ...,  7.7860e-01,
             -2.1184e-02, -3.9404e-01],
            [ 7.6817e-01, -7.2082e-01, -9.8851e-01,  ..., -2.1047e-01,
             -9.2742e-01,  3.5599e-01],
            [-4.5519e-02,  8.7814e-02, -9.7717e-01,  ...,  7.3340e-01,
             -8.7980e-02, -7.5746e-01],
            ...,
            [ 4.8931e-01, -7.8204e-01, -7.1551e-01,  ...,  9.1429e-01,
             -9.2932e-01, -2.6483e-01],
            [-1.8728e-01, -7.1719e-01, -1.7057e-01,  ...,  1.7623e-01,
              2.7154e-01,  6.9137e-01],
            [-3.8459e-01,  6.4848e-02,  3.2096e-01,  ...,  4.1295e-01,
              3.1285e-01,  7.3616e-01]],

           ...,

           [[-8.9757e-01, -5.1546e-01, -8.6225e-01,  ...,  5.7607e-01,
             -5.9963e-03, -1.4699e-01],
            [-7.4371e-01, -1.5074e-01, -5.8513e-01,  ...,  5.6781e-01,
             -1.4469e-01,  2.3639e-01],
            [-7.7906e-01,  9.5692e-01,  2.9896e-01,  ...,  2.1583e-01,
             -2.2911e-01, -9.7736e-01],
            ...,
            [ 7.7620e-01,  5.3730e-01,  5.4734e-01,  ...,  3.8907e-01,
              3.9187e-01,  3.8738e-01],
            [ 8.4583e-01,  6.8951e-01,  8.8494e-02,  ...,  5.7959e-01,
              8.6569e-03,  6.2793e-01],
            [-6.3064e-01,  6.3169e-01, -3.6847e-02,  ...,  8.4032e-01,
              5.0534e-01,  2.3320e-02]],

           [[ 8.3744e-01, -8.5435e-01, -8.4089e-01,  ..., -6.3180e-01,
              7.7157e-01,  3.1522e-01],
            [-2.0574e-01,  9.1621e-01, -2.2796e-01,  ..., -9.1348e-01,
              9.5872e-01,  2.0014e-01],
            [ 3.7070e-01,  7.4358e-01,  8.3460e-01,  ...,  5.7386e-01,
             -3.3552e-01, -9.9918e-01],
            ...,
            [-4.6502e-01, -9.0294e-01, -8.7653e-01,  ..., -6.4433e-01,
             -4.5353e-01,  6.9663e-01],
            [-1.0688e-01, -4.0676e-01,  5.9707e-01,  ..., -6.8739e-01,
              9.7132e-01, -1.0740e-01],
            [-9.2981e-01, -3.3845e-01,  4.4562e-01,  ..., -8.5999e-01,
              9.5594e-01,  6.3433e-01]],

           [[ 6.0431e-01, -2.9156e-01,  7.3753e-02,  ..., -4.8643e-01,
             -9.1379e-01, -1.8309e-01],
            [ 1.9921e-01,  8.8498e-01, -5.1841e-01,  ...,  6.8145e-01,
             -5.2811e-01, -8.9451e-01],
            [-9.7256e-01,  9.6395e-01, -4.7952e-01,  ..., -6.0918e-01,
             -7.1011e-01, -1.6577e-01],
            ...,
            [-5.2106e-01,  5.3839e-01, -4.8802e-01,  ...,  2.6811e-01,
             -2.3608e-01, -5.9194e-01],
            [-6.7394e-01, -5.2149e-01,  9.0773e-02,  ..., -9.2037e-01,
             -5.9912e-01, -3.5012e-01],
            [ 6.9180e-01,  9.9529e-01, -8.8089e-01,  ..., -6.3232e-01,
             -6.9076e-01,  2.4705e-02]]],


          [[[-6.2996e-01, -7.6875e-01,  2.6501e-01,  ..., -3.6903e-01,
             -2.3195e-01, -5.7003e-01],
            [-5.7677e-01, -9.7116e-02, -6.6668e-01,  ...,  1.3644e-01,
              3.9414e-01, -4.2341e-01],
            [-6.1124e-01, -4.7674e-01,  1.2521e-01,  ...,  5.1604e-01,
             -6.6829e-01, -5.7347e-01],
            ...,
            [-5.3061e-01, -2.5120e-01,  5.2062e-02,  ...,  6.7599e-01,
             -2.1872e-01,  7.2428e-01],
            [ 5.1220e-01,  7.3300e-01, -6.3043e-01,  ..., -7.7077e-01,
              2.7735e-01,  3.4419e-01],
            [ 8.0250e-02,  4.2767e-01, -6.7906e-01,  ...,  4.4322e-01,
             -4.1105e-01, -6.1123e-01]],

           [[ 3.3336e-01,  7.9153e-01, -9.5955e-01,  ...,  8.0933e-01,
              8.5777e-01,  5.7429e-01],
            [ 8.9877e-01,  1.9979e-01, -7.2899e-01,  ...,  8.5019e-01,
              9.7623e-01, -7.2877e-01],
            [ 4.5808e-02, -8.1925e-01,  7.7032e-01,  ..., -2.9598e-01,
             -2.5968e-01, -8.8753e-02],
            ...,
            [-9.7404e-01, -9.0702e-01,  5.8710e-01,  ..., -7.6965e-01,
              4.8179e-01,  2.9831e-01],
            [-2.4820e-01,  1.0017e-01,  9.7494e-01,  ...,  5.6692e-02,
             -3.4837e-01, -3.2548e-01],
            [ 6.6743e-01,  2.1798e-01, -7.0262e-03,  ...,  5.4942e-01,
             -4.3284e-02, -7.3133e-01]],

           [[ 9.2960e-01,  7.5139e-01, -5.7399e-02,  ..., -5.3190e-01,
              3.6434e-01,  9.2154e-01],
            [-9.0565e-01, -4.7051e-01, -8.7723e-01,  ...,  1.6939e-01,
             -3.9076e-01, -3.4364e-01],
            [-2.9794e-01,  3.8298e-01, -6.6482e-01,  ...,  5.1109e-01,
             -2.7341e-01, -1.2379e-01],
            ...,
            [ 8.7592e-01,  3.4151e-01, -9.6374e-01,  ..., -1.0491e-01,
              4.2768e-01,  8.6177e-02],
            [-7.8883e-01, -4.6737e-01, -5.0623e-01,  ..., -8.9965e-01,
              8.9533e-01,  5.7322e-01],
            [-7.0298e-01,  4.3255e-01, -2.7475e-01,  ...,  3.2087e-01,
              2.2720e-01, -6.7740e-02]],

           ...,

           [[ 1.1273e-01,  5.3510e-01, -9.7996e-01,  ..., -6.3235e-01,
             -8.3119e-01, -9.2927e-01],
            [ 5.0118e-01, -3.4414e-01, -9.7431e-01,  ...,  8.5833e-02,
              8.5338e-01,  7.1828e-01],
            [ 8.4264e-01,  2.7652e-01, -7.8587e-01,  ...,  7.0445e-01,
             -3.6894e-02, -1.7758e-01],
            ...,
            [ 6.5928e-02,  6.7055e-01,  4.3664e-01,  ...,  5.8617e-01,
              3.4970e-01, -3.7343e-01],
            [-3.6831e-01, -5.9381e-01,  8.8106e-01,  ...,  5.6216e-01,
             -5.2958e-02,  9.0156e-01],
            [ 3.9283e-01, -4.5067e-02,  4.1776e-01,  ...,  9.0754e-01,
             -2.6036e-01, -7.8603e-01]],

           [[ 1.6576e-01, -9.9932e-01, -9.8378e-01,  ..., -3.0827e-01,
             -7.1292e-01, -9.1126e-01],
            [ 2.1654e-01,  3.7524e-01,  9.7691e-02,  ...,  5.3499e-01,
              2.1841e-01, -3.0036e-01],
            [ 6.5629e-02, -7.3006e-01, -8.7615e-01,  ...,  2.3053e-01,
              4.4171e-01, -5.3070e-01],
            ...,
            [ 2.0203e-01,  1.6068e-01,  1.4996e-01,  ...,  2.7157e-01,
             -6.5679e-01, -3.6214e-02],
            [ 9.8733e-02, -5.0625e-01,  5.7734e-01,  ..., -7.0422e-01,
             -2.1907e-01,  8.5802e-01],
            [-2.4375e-01, -6.3535e-02, -9.1358e-01,  ..., -5.8963e-01,
              6.7809e-01,  8.2929e-01]],

           [[ 6.4381e-01,  8.2008e-01, -1.4623e-02,  ...,  4.3774e-01,
             -7.5245e-04, -5.9022e-01],
            [-1.9058e-01,  4.0806e-01, -6.2761e-01,  ...,  5.4632e-01,
             -7.0731e-01, -2.1821e-01],
            [ 6.5757e-01, -1.5792e-01, -4.1296e-01,  ..., -3.1734e-01,
              6.0226e-01, -3.5842e-01],
            ...,
            [ 4.0898e-01, -3.5317e-01, -8.4594e-01,  ..., -4.3568e-01,
              4.0681e-02,  4.1652e-01],
            [ 1.9496e-01,  1.2041e-01,  5.6151e-01,  ..., -3.1564e-01,
              2.4064e-01,  7.9797e-01],
            [-8.0127e-01,  7.3013e-01,  4.6035e-03,  ..., -7.6298e-01,
              7.4940e-01,  7.5723e-01]]],


          [[[-4.5749e-02,  8.6083e-01, -8.8863e-01,  ..., -1.1182e-01,
             -9.5270e-01,  1.2885e-01],
            [ 1.5710e-02, -6.9113e-01,  7.7109e-01,  ...,  9.2935e-01,
             -6.8347e-01, -3.4963e-01],
            [-4.1657e-01, -9.7624e-01, -2.0950e-01,  ...,  5.0796e-01,
              3.7803e-01, -9.7461e-02],
            ...,
            [-6.4969e-01, -7.6180e-01,  9.8812e-01,  ...,  9.5612e-01,
             -3.9307e-01,  9.5314e-01],
            [-1.6185e-01, -6.9078e-01,  5.7890e-01,  ...,  8.8712e-02,
             -7.0124e-01, -8.8907e-01],
            [-3.8214e-01,  4.8728e-01,  8.0833e-01,  ..., -6.1891e-01,
              4.6981e-01, -8.1552e-01]],

           [[-9.7929e-01, -2.3609e-01, -5.6588e-01,  ..., -5.0564e-01,
             -6.4217e-01,  1.6361e-01],
            [ 6.4870e-01,  3.8819e-01, -2.1086e-01,  ..., -6.5084e-01,
             -2.1718e-01, -5.9083e-01],
            [-1.0987e-01, -1.4706e-01,  2.8772e-02,  ..., -5.1097e-01,
              3.7964e-02,  3.6077e-01],
            ...,
            [-7.5570e-01,  7.4636e-01,  6.3087e-01,  ..., -8.9190e-01,
              2.9184e-01,  5.0596e-01],
            [ 3.8523e-02, -5.4119e-01, -5.4392e-01,  ...,  1.3493e-02,
             -5.2707e-01,  6.4280e-01],
            [-7.9594e-01, -8.4660e-01,  9.7076e-02,  ...,  7.6377e-01,
              4.9162e-01, -2.6551e-01]],

           [[ 8.3808e-03,  6.1787e-01,  8.0971e-01,  ...,  7.0394e-01,
             -6.1037e-01, -4.3176e-01],
            [ 3.8261e-01,  1.0573e-01,  2.9845e-01,  ...,  6.6204e-01,
              9.2415e-01, -2.5768e-01],
            [-8.8040e-01,  8.7604e-01,  1.2920e-02,  ...,  2.3160e-01,
              1.0169e-01, -2.7237e-01],
            ...,
            [-6.5882e-01, -2.8132e-01, -5.0483e-03,  ...,  3.1058e-01,
             -5.0149e-01, -5.7361e-01],
            [ 1.7982e-01,  1.5590e-01, -3.6441e-02,  ...,  7.3088e-01,
             -1.4848e-01, -2.8340e-01],
            [ 8.4296e-01,  3.9488e-01,  4.5682e-01,  ...,  3.3981e-01,
             -9.0534e-01,  3.9609e-02]],

           ...,

           [[ 3.1147e-01,  1.1023e-01, -6.9729e-01,  ..., -7.1973e-01,
             -3.6213e-01, -5.2518e-01],
            [-1.0595e-01, -8.8597e-02,  7.3471e-01,  ...,  4.1813e-02,
              9.1669e-01, -9.5531e-01],
            [-5.3749e-02,  7.4931e-01, -6.7571e-02,  ..., -6.5435e-01,
              9.0495e-01,  6.9910e-01],
            ...,
            [-2.9834e-01, -5.1714e-01,  9.2837e-02,  ..., -7.1379e-01,
              8.5898e-01,  8.5668e-01],
            [-8.8851e-01,  2.6857e-01, -6.7021e-03,  ...,  9.5485e-01,
             -5.9344e-01, -6.2160e-01],
            [ 8.7128e-01,  4.9307e-01,  2.2883e-01,  ..., -5.3463e-02,
              8.2002e-01,  4.9753e-01]],

           [[ 4.4156e-01,  1.9360e-01, -2.0057e-01,  ...,  4.8923e-01,
              5.9630e-01,  3.3547e-01],
            [ 5.6034e-01, -9.0280e-01, -9.6270e-01,  ...,  1.5380e-01,
              1.1334e-01, -8.1444e-01],
            [ 7.3737e-01, -5.0013e-01,  5.4564e-01,  ..., -5.1426e-01,
              3.3696e-01, -6.6692e-01],
            ...,
            [ 4.6279e-01, -9.3569e-02, -3.1955e-02,  ...,  3.8375e-01,
              5.0142e-01,  8.9361e-01],
            [-9.1524e-01,  9.1166e-01,  6.4445e-01,  ...,  8.2574e-01,
             -5.8314e-01, -8.5043e-01],
            [-7.1230e-01, -8.4430e-01, -4.4355e-01,  ...,  8.3563e-01,
              6.5410e-01,  8.3909e-01]],

           [[-3.1319e-02,  6.4895e-01,  2.4680e-01,  ..., -6.1570e-01,
              5.9176e-01, -7.6393e-01],
            [-6.0043e-01,  9.0681e-01,  8.6800e-01,  ...,  9.7219e-01,
             -5.4634e-01,  5.7443e-01],
            [ 9.6762e-01, -4.6377e-02, -3.3553e-01,  ..., -5.9570e-01,
             -2.3139e-01,  7.1363e-01],
            ...,
            [-4.9698e-01, -4.6518e-01,  6.6559e-01,  ...,  3.8293e-01,
             -7.6494e-01, -7.1292e-01],
            [-2.6047e-01, -8.3691e-01, -7.2703e-01,  ..., -7.7438e-01,
             -5.3665e-01,  5.5678e-01],
            [ 6.7649e-01, -8.8347e-02,  3.6128e-01,  ...,  9.9810e-01,
              3.3942e-01,  6.5578e-01]]]],



         [[[[-2.2967e-01, -5.8858e-01, -4.5831e-01,  ...,  9.9611e-01,
              4.8900e-01,  4.4517e-01],
            [-5.8259e-01, -4.2200e-01,  2.4568e-01,  ..., -6.7022e-01,
              3.8577e-01, -2.7409e-01],
            [ 2.0527e-01, -8.1691e-01, -7.9695e-02,  ..., -1.0593e-01,
              2.5122e-01, -2.3253e-01],
            ...,
            [-4.7765e-01,  2.9092e-01, -6.7628e-01,  ...,  6.1867e-01,
              6.4926e-01,  1.0609e-01],
            [-2.0876e-01, -2.9050e-01,  9.8885e-01,  ..., -3.9257e-01,
             -4.0337e-01, -7.6759e-01],
            [ 7.1174e-01,  6.7791e-01,  5.6416e-01,  ...,  5.3711e-02,
              5.6048e-02, -5.5056e-01]],

           [[ 9.0922e-01,  6.5227e-01, -6.1450e-01,  ...,  8.6649e-02,
              4.5920e-01,  3.7441e-01],
            [ 8.7079e-01,  1.3619e-01, -4.8128e-01,  ...,  7.5546e-01,
              7.9726e-01, -5.2744e-01],
            [-1.6401e-01, -5.5399e-01, -9.8120e-01,  ...,  6.0123e-01,
              9.6559e-01,  4.5852e-01],
            ...,
            [ 8.6822e-02, -9.0845e-01,  8.7170e-01,  ..., -3.8036e-01,
             -1.3137e-01, -8.8660e-01],
            [-1.2874e-01, -8.4785e-01,  1.0074e-01,  ...,  2.7149e-01,
              2.2498e-01, -1.4677e-01],
            [ 7.8083e-01,  8.7063e-01,  4.2486e-01,  ...,  3.4553e-01,
              1.0865e-01,  2.7048e-01]],

           [[-1.4647e-01,  7.1329e-01, -1.6592e-01,  ...,  2.7455e-01,
             -3.6781e-01,  9.4211e-01],
            [-7.6488e-02,  6.3707e-02,  9.9419e-01,  ...,  7.4428e-01,
              1.4859e-01,  7.3916e-01],
            [ 7.6064e-01,  5.1423e-01,  1.0763e-01,  ...,  8.5707e-01,
             -6.6297e-02,  2.7218e-01],
            ...,
            [ 3.4606e-01,  8.6988e-01, -7.6901e-01,  ...,  8.8410e-01,
             -2.7027e-01, -5.7290e-01],
            [ 4.9418e-01,  6.5427e-01,  9.1455e-01,  ..., -6.1135e-01,
              8.5640e-01, -6.3172e-01],
            [-8.7246e-01, -4.0542e-01,  4.7128e-01,  ...,  3.9065e-01,
             -5.9425e-01,  8.4115e-01]],

           ...,

           [[ 8.6673e-02,  5.4127e-01, -9.3677e-01,  ...,  7.0693e-01,
              1.3115e-01,  1.7657e-01],
            [ 8.1713e-01,  1.9516e-01, -5.4162e-01,  ...,  4.2889e-01,
             -8.4912e-01,  5.5090e-01],
            [-5.5152e-01, -9.6126e-01,  6.9788e-01,  ...,  5.8838e-01,
              1.7382e-01, -6.9721e-01],
            ...,
            [-5.9294e-01,  1.5922e-01,  2.0489e-01,  ..., -7.7398e-01,
              2.0664e-01, -1.5941e-01],
            [ 6.4152e-01,  6.7134e-01,  4.7079e-01,  ..., -3.9243e-01,
             -5.7049e-01,  7.4589e-01],
            [-5.3295e-01,  5.1037e-01,  3.9025e-01,  ...,  3.5254e-01,
              2.6460e-01, -6.1494e-02]],

           [[ 5.3471e-01, -7.9399e-01,  8.6324e-01,  ...,  5.5030e-02,
              9.1156e-01, -8.9308e-01],
            [ 3.3992e-01, -7.1212e-01, -6.7199e-01,  ..., -9.1878e-01,
             -6.4915e-01, -6.1285e-01],
            [ 1.3345e-01, -1.7575e-01,  4.7513e-01,  ...,  7.6329e-01,
             -2.3409e-01,  8.3644e-01],
            ...,
            [-6.9732e-01, -7.8392e-01, -5.4736e-01,  ..., -9.6322e-01,
             -4.9373e-01,  8.9446e-01],
            [ 5.3428e-01, -3.3835e-01, -8.2534e-01,  ..., -4.8711e-01,
             -3.0309e-01, -1.3126e-01],
            [-9.3748e-01,  5.4015e-02,  2.5929e-01,  ..., -4.6542e-01,
              6.7209e-01, -8.4746e-01]],

           [[ 7.7062e-01, -2.8481e-01,  7.9051e-01,  ..., -9.6233e-01,
             -9.9891e-02, -7.1549e-01],
            [-6.7505e-02,  7.5211e-01, -7.3005e-01,  ...,  2.3864e-02,
             -4.5490e-01,  4.0879e-01],
            [-1.4816e-01, -9.7154e-01, -8.0362e-01,  ...,  7.6028e-01,
              5.0262e-01,  5.0703e-01],
            ...,
            [ 4.6275e-01,  1.2471e-01,  9.6669e-01,  ..., -1.1108e-01,
             -1.1274e-01, -7.7371e-01],
            [ 9.0342e-01, -9.2973e-01, -1.7723e-01,  ..., -2.2807e-01,
             -9.7523e-01,  2.7161e-01],
            [-2.9169e-01,  3.8251e-01, -1.3909e-01,  ..., -4.3961e-02,
              3.4309e-01, -7.8512e-01]]],


          [[[ 7.1760e-01, -5.3355e-01,  2.6323e-01,  ..., -3.1330e-01,
             -9.4911e-01,  4.0399e-01],
            [-1.1279e-02,  3.6893e-01, -2.9736e-01,  ...,  2.8266e-01,
              7.2365e-01,  8.6145e-01],
            [-5.8768e-02,  9.6313e-01,  6.4638e-01,  ..., -2.2613e-01,
              7.6540e-01,  2.9513e-02],
            ...,
            [ 6.8469e-01, -8.7668e-01, -1.9560e-01,  ...,  8.5006e-01,
             -3.6239e-01, -6.6276e-01],
            [ 1.9322e-01,  2.1307e-01, -4.0120e-01,  ..., -4.5045e-01,
             -6.0147e-01, -1.6793e-02],
            [-9.5879e-01, -5.7735e-01, -3.2153e-01,  ..., -6.9739e-02,
              8.3283e-01,  2.7044e-01]],

           [[-8.9219e-01,  2.9605e-02,  3.3975e-02,  ..., -7.8053e-01,
             -2.3988e-01, -3.7935e-01],
            [ 7.2299e-01, -8.2012e-02,  4.3086e-01,  ...,  6.3053e-01,
             -8.1301e-01, -9.8142e-01],
            [-5.5961e-01, -9.1000e-01, -4.3684e-01,  ...,  3.9208e-01,
             -1.3266e-01,  9.2272e-01],
            ...,
            [-5.9442e-01,  3.4093e-01,  6.3483e-01,  ...,  6.5509e-01,
             -4.6517e-01, -8.9792e-01],
            [ 7.1806e-01,  9.8882e-02,  6.1465e-01,  ..., -1.9325e-01,
              5.8617e-01,  9.5925e-01],
            [ 2.5706e-01,  5.0166e-03,  7.9346e-01,  ..., -4.7128e-02,
              8.6636e-01, -2.1891e-01]],

           [[ 8.6464e-01,  9.5045e-01,  8.5750e-01,  ...,  5.5277e-01,
             -7.2994e-01, -7.7493e-01],
            [ 9.1680e-01, -9.3813e-01,  5.1472e-01,  ...,  6.3919e-01,
              4.4778e-02, -7.4243e-01],
            [-4.1250e-01,  9.1931e-01, -5.1414e-01,  ..., -9.2440e-01,
             -2.6476e-01, -8.4837e-01],
            ...,
            [ 2.5665e-01,  3.1941e-01,  6.2907e-01,  ...,  7.3409e-01,
             -3.3619e-01,  2.7013e-01],
            [ 8.7582e-01,  7.3997e-01, -2.4843e-01,  ...,  2.9105e-01,
             -6.5443e-01, -4.1482e-01],
            [ 6.4297e-01,  7.7065e-01,  1.4680e-01,  ...,  6.9549e-01,
             -8.2709e-01, -6.4832e-01]],

           ...,

           [[-9.8000e-01,  4.6233e-02,  3.2374e-01,  ...,  5.8552e-01,
             -2.9951e-01,  1.3321e-01],
            [ 8.0075e-01, -1.3378e-02,  1.0341e-01,  ...,  4.1251e-01,
             -8.1074e-01, -8.3845e-01],
            [-7.6729e-01,  7.4045e-01,  8.0437e-01,  ..., -7.6120e-01,
              8.6903e-01, -2.9235e-01],
            ...,
            [ 1.3213e-01, -9.4006e-01,  6.2345e-01,  ...,  5.9465e-01,
             -7.6568e-01,  1.7127e-01],
            [-6.8317e-01, -1.9508e-01,  1.1554e-01,  ...,  9.3561e-01,
             -1.9826e-01,  9.4241e-01],
            [ 3.7253e-01, -5.0913e-01,  5.1409e-01,  ...,  1.1731e-01,
             -2.8309e-03, -6.3785e-01]],

           [[-5.5689e-01, -4.2673e-01, -6.1944e-01,  ...,  8.5630e-01,
             -4.7310e-01,  9.0365e-01],
            [ 3.1139e-01, -1.7553e-01, -8.0669e-01,  ..., -3.9687e-01,
             -3.6187e-01, -6.2923e-01],
            [-6.8148e-01, -1.2764e-01,  8.1025e-01,  ..., -5.4188e-02,
             -8.5563e-02,  9.8563e-01],
            ...,
            [ 9.7904e-01,  7.0574e-01, -9.8774e-01,  ...,  5.1349e-01,
             -9.4761e-01, -2.8839e-01],
            [-9.0236e-01, -9.7057e-03,  5.8793e-01,  ...,  8.5094e-01,
              4.8305e-01,  7.6171e-01],
            [-1.4236e-01, -4.1073e-02, -9.8119e-01,  ..., -6.2705e-01,
              6.5124e-01,  7.9334e-01]],

           [[-1.9712e-01, -2.4958e-01, -1.0619e-01,  ...,  1.8108e-01,
             -2.9822e-01, -6.6118e-01],
            [ 6.0642e-01,  9.8203e-01, -8.8805e-01,  ...,  4.8782e-01,
              7.3933e-01,  7.3118e-01],
            [-7.5208e-01,  7.5433e-01, -8.9003e-01,  ..., -1.2932e-01,
             -9.9702e-01, -2.5311e-02],
            ...,
            [-3.1037e-01,  3.7157e-01,  9.0888e-01,  ...,  3.6199e-01,
              8.6404e-01,  9.7019e-01],
            [ 8.1244e-01,  2.2461e-01,  9.1768e-01,  ...,  9.3196e-02,
             -7.4029e-01,  3.2407e-01],
            [ 1.2925e-01,  3.2323e-01, -1.6476e-01,  ..., -4.0828e-01,
              9.5793e-01, -5.5404e-02]]],


          [[[-7.4049e-01,  1.1189e-02,  8.5603e-01,  ...,  7.4808e-01,
              4.3139e-01, -4.7336e-01],
            [-5.5962e-01,  4.8025e-01, -4.0717e-01,  ..., -8.5546e-01,
             -4.6679e-01, -9.5141e-01],
            [-6.8357e-01,  2.5109e-01, -4.5535e-01,  ...,  5.6615e-01,
             -9.4561e-01, -7.8415e-01],
            ...,
            [ 1.7567e-01, -2.2821e-01, -6.6247e-01,  ...,  4.8614e-01,
             -9.7127e-01,  6.0470e-01],
            [-4.7830e-02,  9.6078e-01, -1.4392e-02,  ...,  7.6985e-02,
             -4.0936e-01,  9.4177e-01],
            [ 4.5124e-01,  2.2474e-02,  8.6554e-01,  ..., -5.0831e-01,
             -5.7996e-01,  2.8308e-01]],

           [[ 6.4166e-01,  8.2537e-01,  1.3631e-01,  ...,  6.2901e-01,
              4.0691e-01,  6.9389e-01],
            [ 1.0900e-01,  3.2671e-01, -2.9279e-01,  ...,  3.3439e-02,
             -7.7306e-01,  8.9475e-01],
            [ 9.3798e-01, -2.4648e-01,  1.9901e-01,  ..., -7.4558e-01,
              6.5345e-01,  2.7050e-01],
            ...,
            [ 8.8229e-01,  9.7937e-01, -1.6711e-01,  ...,  6.3430e-01,
              7.6929e-01,  6.2556e-01],
            [ 3.9259e-01, -1.9261e-01,  7.0089e-01,  ...,  8.0070e-01,
              8.3862e-01,  9.5158e-01],
            [-4.3457e-01, -9.4553e-01,  5.0305e-01,  ..., -9.5421e-01,
             -3.0561e-01, -9.8564e-01]],

           [[ 7.2998e-01, -3.2804e-01,  8.8712e-01,  ...,  4.5794e-01,
             -2.0295e-01, -2.6646e-01],
            [-4.9906e-01,  9.3366e-01,  4.1049e-01,  ...,  1.9718e-01,
             -7.8745e-01, -1.3301e-01],
            [-9.5264e-01,  6.0331e-01, -8.0942e-01,  ..., -6.2513e-02,
             -7.4000e-01, -9.7247e-02],
            ...,
            [ 1.9988e-01,  4.7939e-01,  2.6414e-01,  ..., -3.0378e-01,
              7.8516e-01, -4.9405e-01],
            [ 5.4076e-01,  1.4276e-01,  7.6321e-01,  ..., -1.6019e-01,
             -7.7209e-01, -2.6559e-01],
            [-3.6675e-01, -4.2945e-01,  1.0495e-01,  ..., -9.4781e-01,
              4.5936e-01,  7.4118e-01]],

           ...,

           [[-6.4889e-01, -8.2855e-01,  2.0354e-01,  ...,  4.7716e-01,
              4.4297e-01,  9.0333e-01],
            [ 6.1530e-01, -3.1145e-01,  7.1231e-01,  ..., -2.5748e-01,
             -9.7326e-01,  9.2963e-01],
            [-6.2297e-01,  5.0383e-01, -2.5030e-01,  ..., -6.8831e-01,
             -8.9557e-01,  1.2634e-01],
            ...,
            [-1.6367e-02,  3.8418e-01,  8.0649e-01,  ..., -5.4580e-01,
              7.0405e-01, -2.7861e-01],
            [ 2.5199e-01, -4.4068e-01,  9.3382e-01,  ..., -6.3946e-01,
             -9.1028e-01, -1.5430e-01],
            [ 7.9241e-01, -7.8341e-01, -4.4457e-02,  ...,  4.7248e-01,
              4.5638e-01, -8.7457e-01]],

           [[-3.3883e-01,  6.1055e-01, -4.7551e-03,  ...,  1.2209e-01,
             -4.8627e-01, -9.9238e-01],
            [ 3.5193e-01, -4.2708e-01,  4.8778e-01,  ...,  8.9245e-01,
             -3.9066e-01, -8.1690e-01],
            [-9.9611e-01, -5.7299e-01,  5.6858e-02,  ...,  9.1811e-01,
             -6.1383e-01,  6.1296e-01],
            ...,
            [-9.7013e-02, -3.5117e-01,  2.1258e-01,  ..., -3.4767e-01,
              2.2899e-01,  5.7582e-01],
            [ 2.1047e-01,  4.1720e-01, -7.4967e-01,  ...,  2.1581e-01,
              6.2787e-01, -5.3277e-01],
            [-6.1467e-01,  9.4409e-01, -8.7514e-01,  ...,  8.2894e-01,
              4.7863e-01, -7.0853e-01]],

           [[ 1.6255e-01,  6.2335e-01,  9.8964e-01,  ..., -6.0086e-01,
              1.8435e-01, -3.0187e-01],
            [ 6.6051e-02, -9.8622e-01,  7.7291e-01,  ..., -6.1556e-01,
             -2.8646e-01,  2.0862e-02],
            [ 1.6708e-01, -9.9845e-01,  6.9221e-01,  ..., -7.0001e-01,
             -6.6803e-01,  9.4965e-02],
            ...,
            [ 3.0920e-01, -2.4504e-01, -4.9430e-02,  ...,  1.1272e-01,
             -5.0139e-01,  5.0512e-01],
            [ 1.0478e-01, -3.1039e-01, -3.0502e-01,  ..., -9.1236e-01,
              5.9047e-01,  4.7365e-01],
            [ 7.0073e-01, -6.9069e-01,  5.4593e-01,  ..., -6.0617e-01,
             -2.6483e-01,  5.4557e-01]]],


          ...,


          [[[ 8.0564e-01, -1.5357e-01, -9.9989e-01,  ..., -8.1002e-01,
              6.5764e-02,  2.1644e-01],
            [ 3.0884e-01,  1.6345e-01, -7.5845e-01,  ...,  5.1216e-01,
             -1.7241e-01,  5.9387e-01],
            [-5.5624e-01,  3.0808e-01,  2.8900e-01,  ...,  2.0311e-01,
             -8.0602e-01, -8.8053e-01],
            ...,
            [ 1.2848e-01,  6.7550e-01, -9.6485e-01,  ...,  7.3274e-01,
             -4.9167e-01, -1.0107e-01],
            [-3.6134e-01, -9.5628e-01, -3.2603e-01,  ...,  8.0076e-01,
              4.6870e-01, -6.8903e-01],
            [-5.8645e-01,  3.0064e-01,  3.7374e-01,  ...,  9.2984e-01,
             -5.1189e-01,  2.2835e-01]],

           [[ 2.4342e-01,  1.3233e-01,  9.2612e-01,  ...,  5.8643e-01,
              2.5962e-01,  5.3523e-01],
            [-4.1652e-01, -6.8558e-01, -9.7480e-01,  ...,  8.6330e-01,
             -1.9504e-01, -4.0009e-01],
            [ 3.4513e-01, -1.1384e-01, -5.3877e-01,  ..., -2.3926e-01,
              9.4286e-01,  5.8281e-01],
            ...,
            [-6.0811e-01, -4.0955e-01, -5.6121e-01,  ..., -9.2867e-01,
             -6.4664e-01,  8.0314e-01],
            [ 6.4381e-01, -3.0349e-02, -2.1339e-02,  ..., -8.6576e-01,
              4.0709e-02, -2.2466e-01],
            [-4.1157e-01, -1.2716e-01, -3.6851e-01,  ...,  4.1545e-01,
              4.8699e-01, -1.9552e-01]],

           [[-2.9206e-01, -1.3927e-01, -3.8266e-01,  ...,  5.5638e-01,
              8.4729e-01, -3.4436e-01],
            [ 6.6369e-01,  2.1090e-01,  4.7299e-01,  ...,  8.5963e-02,
             -2.2758e-01, -9.2999e-01],
            [ 7.0327e-01,  4.2980e-01, -6.8171e-01,  ...,  6.6991e-01,
              1.2492e-01,  1.5064e-01],
            ...,
            [ 3.2525e-01, -9.5373e-01, -4.0337e-01,  ..., -7.1881e-01,
             -2.2543e-02, -4.6777e-02],
            [-5.4207e-01,  5.5105e-01,  7.3003e-01,  ..., -5.3832e-02,
              1.0520e-01,  3.2158e-01],
            [ 5.5324e-01, -6.2167e-01, -7.9305e-01,  ..., -3.9634e-01,
             -6.5645e-01,  6.6100e-01]],

           ...,

           [[ 6.9828e-01, -3.5491e-01, -4.7230e-03,  ..., -5.9428e-01,
             -5.2595e-01,  2.5283e-01],
            [-9.6790e-01,  2.3176e-01,  3.8859e-01,  ...,  3.5633e-02,
             -4.8648e-02,  6.2591e-01],
            [ 6.7346e-01,  1.1211e-01,  3.4872e-01,  ...,  4.8212e-01,
              5.3206e-01, -6.7208e-01],
            ...,
            [-5.6810e-01, -9.3547e-01, -7.9645e-01,  ...,  5.6138e-01,
             -2.3098e-01,  2.8972e-01],
            [ 3.3574e-01, -4.7740e-01, -8.7499e-01,  ...,  8.1332e-02,
             -7.6515e-01,  8.5457e-01],
            [-9.3335e-01,  7.0519e-01, -1.6682e-01,  ..., -2.6805e-03,
             -7.7739e-01, -5.1609e-01]],

           [[-5.9787e-01,  3.6046e-01,  5.9827e-01,  ...,  6.5895e-02,
              7.0342e-01, -6.8348e-01],
            [ 6.1510e-01,  3.5401e-01, -3.8505e-01,  ..., -2.3960e-01,
             -2.1620e-01, -3.6893e-01],
            [-7.4642e-01, -4.1816e-01, -7.9556e-01,  ...,  2.5730e-01,
              2.9392e-01,  3.7742e-01],
            ...,
            [ 1.4661e-01, -8.4191e-01,  9.7866e-01,  ..., -5.2246e-01,
              8.9855e-01, -2.1305e-01],
            [-4.7790e-01,  7.0432e-02,  8.2612e-01,  ...,  6.3785e-01,
             -4.2891e-02,  8.9123e-02],
            [ 3.7711e-01,  8.2732e-01, -5.5528e-01,  ..., -5.3339e-02,
              2.5583e-01,  4.5084e-01]],

           [[-9.4594e-01, -7.2324e-01,  2.1111e-01,  ..., -4.5614e-01,
              7.6630e-01,  5.9613e-01],
            [-4.2124e-02, -8.7692e-01, -8.9157e-01,  ..., -4.9558e-01,
              7.6698e-01,  4.1022e-01],
            [-7.4717e-01, -7.8573e-01, -6.9780e-01,  ..., -1.4852e-01,
              2.3787e-01, -3.8117e-01],
            ...,
            [-5.3199e-01,  5.9377e-01,  3.5879e-01,  ...,  7.4200e-01,
             -8.5819e-01, -7.9356e-01],
            [-8.8890e-01, -3.9062e-02,  1.7668e-01,  ..., -5.7143e-01,
              7.7792e-01, -6.9948e-01],
            [-7.0746e-02,  3.2672e-01, -9.1329e-01,  ..., -7.7709e-01,
             -4.4082e-03,  9.3652e-01]]],


          [[[ 3.9602e-01, -4.1265e-01,  5.2607e-01,  ...,  1.4885e-01,
              5.5585e-01,  3.6325e-01],
            [-9.3700e-01,  6.2135e-01,  2.1600e-01,  ...,  4.4644e-01,
              3.3819e-01,  3.7012e-01],
            [ 6.7107e-01, -8.3362e-01,  5.9647e-01,  ...,  9.5656e-01,
              1.4704e-01,  9.7321e-01],
            ...,
            [ 8.2130e-02,  3.6621e-02, -1.9376e-01,  ...,  4.2912e-01,
             -3.5595e-01, -7.3625e-01],
            [-6.6290e-01,  2.4663e-01, -1.9431e-05,  ..., -9.5491e-01,
              2.1163e-01,  7.8857e-01],
            [-7.2548e-01, -9.5922e-01, -4.5731e-01,  ...,  7.5633e-01,
             -1.5082e-01, -6.1474e-01]],

           [[-4.3238e-01,  3.6323e-01, -3.7268e-01,  ...,  9.9433e-01,
             -8.8733e-01,  4.6862e-01],
            [-9.6985e-01,  6.8208e-01, -3.7938e-01,  ..., -8.4524e-01,
             -7.4308e-01,  1.5141e-01],
            [-2.5402e-01, -8.9062e-01, -2.3244e-01,  ...,  9.8667e-01,
              3.5619e-01,  5.1361e-01],
            ...,
            [-3.1661e-01, -9.6782e-01, -2.8756e-01,  ..., -2.4504e-01,
              1.9695e-01, -5.6113e-01],
            [ 8.6256e-01,  7.2943e-01, -5.9064e-01,  ...,  9.0809e-01,
              6.3013e-01, -9.4839e-01],
            [ 1.6863e-01,  2.3320e-01,  5.6847e-01,  ..., -3.7082e-01,
              4.6546e-01,  7.3465e-01]],

           [[ 2.8854e-01, -6.6540e-01,  6.1324e-01,  ..., -2.9839e-01,
              5.8877e-01, -2.4437e-01],
            [ 5.0864e-01,  1.2789e-01, -6.4098e-01,  ..., -9.3715e-01,
              2.5475e-01, -1.4040e-01],
            [ 7.1967e-02,  5.2810e-01, -1.6028e-01,  ...,  1.4738e-02,
              2.9838e-01,  4.7244e-01],
            ...,
            [-2.2982e-01, -3.5536e-01,  1.4535e-01,  ...,  3.1041e-01,
             -7.2687e-01,  7.4351e-01],
            [-5.2852e-02, -6.7514e-01, -7.8099e-01,  ..., -9.2730e-01,
              4.2098e-01, -8.2061e-01],
            [ 6.8142e-01,  6.4666e-01, -3.7212e-01,  ..., -8.1383e-01,
              4.9753e-01, -8.3309e-01]],

           ...,

           [[-8.0243e-01, -8.2398e-01,  3.0049e-01,  ..., -1.7916e-01,
             -7.6824e-01, -2.9798e-01],
            [-7.5707e-01,  2.4496e-01, -6.6522e-01,  ...,  8.9815e-01,
              9.5743e-01, -2.2061e-01],
            [-4.2963e-01,  6.1882e-01, -9.5920e-01,  ...,  1.8511e-01,
             -7.5085e-01, -6.1949e-01],
            ...,
            [-9.5638e-01,  6.1580e-01,  7.5004e-01,  ...,  5.5534e-01,
             -7.6004e-01,  4.2123e-01],
            [ 2.5885e-01, -1.4526e-01, -6.7238e-01,  ...,  4.7380e-01,
              1.7444e-01, -3.9345e-01],
            [ 8.3945e-01, -2.7102e-01,  4.5706e-02,  ..., -1.9721e-01,
             -1.3897e-01, -6.0095e-01]],

           [[-3.6867e-01, -5.9749e-01, -1.5623e-01,  ...,  6.2459e-01,
              8.6208e-02, -3.5980e-01],
            [ 4.9807e-02,  8.4809e-01, -2.7111e-01,  ..., -2.3021e-01,
              9.9048e-01,  1.7875e-01],
            [-3.9926e-01, -6.1609e-01,  9.5998e-01,  ..., -8.8459e-01,
             -5.5799e-01, -6.8021e-01],
            ...,
            [ 2.5829e-01, -9.9791e-01,  7.6773e-01,  ...,  1.9053e-01,
             -2.0156e-01,  4.3416e-01],
            [ 3.7054e-01,  4.0139e-01, -9.1585e-01,  ..., -4.9065e-01,
              7.9749e-01, -7.9981e-01],
            [-9.0314e-01,  3.8997e-01, -8.7869e-01,  ...,  1.0426e-01,
             -9.0331e-01, -2.4489e-01]],

           [[ 9.1862e-01,  6.7130e-01,  8.9980e-01,  ..., -7.0944e-01,
              7.4709e-01,  2.4645e-01],
            [ 7.4059e-03, -8.8893e-01,  5.8827e-01,  ...,  7.9098e-01,
              9.1001e-01, -4.6187e-01],
            [ 6.1337e-01,  6.0803e-01,  6.4137e-01,  ..., -1.9285e-01,
              3.9690e-01,  3.6957e-01],
            ...,
            [ 8.2750e-01,  4.8671e-01, -4.9951e-01,  ...,  5.8528e-02,
              3.1523e-01,  8.4728e-02],
            [-6.7144e-01,  7.9467e-02,  7.2464e-01,  ..., -1.8181e-01,
             -7.0008e-01, -9.5810e-01],
            [ 5.1735e-01,  2.7096e-01,  4.6248e-01,  ..., -9.1894e-01,
             -2.5404e-01, -2.7342e-01]]],


          [[[-6.6533e-02,  7.0024e-01,  4.9560e-01,  ..., -3.0662e-01,
             -3.0066e-01,  3.7790e-02],
            [ 7.2286e-01,  2.9691e-01,  9.4958e-01,  ...,  6.5399e-01,
              9.7291e-01,  4.6804e-01],
            [ 7.8899e-01, -4.6027e-01,  1.2144e-01,  ..., -9.0018e-01,
              2.3516e-01, -9.9483e-01],
            ...,
            [ 4.9114e-01,  9.7398e-01, -7.7814e-01,  ..., -4.9869e-02,
             -9.0448e-01,  8.8823e-01],
            [-9.1296e-01,  4.4636e-01,  8.6321e-01,  ..., -7.3310e-02,
             -3.5556e-02, -2.7029e-01],
            [ 5.3322e-01, -4.2650e-01, -7.0669e-01,  ..., -8.1930e-01,
              4.0073e-01,  5.9144e-01]],

           [[ 9.5179e-01, -6.2811e-01,  5.3912e-01,  ..., -8.2186e-01,
              6.8807e-01,  7.7812e-01],
            [-9.8061e-01,  5.7004e-01, -2.6065e-01,  ..., -4.4344e-02,
             -1.0111e-02,  8.2716e-01],
            [-8.0645e-01, -6.0322e-01, -6.2455e-01,  ...,  6.2660e-01,
             -7.9140e-02,  3.7181e-01],
            ...,
            [ 1.2345e-01,  6.8328e-01, -9.6378e-01,  ...,  2.6703e-01,
              9.0874e-01,  9.8908e-01],
            [ 6.9295e-01,  8.2218e-01, -1.9520e-01,  ...,  5.9207e-01,
             -1.3033e-01,  3.9512e-01],
            [ 2.4125e-01, -6.6405e-01, -9.8127e-01,  ..., -1.0468e-01,
             -1.9817e-01,  5.7095e-01]],

           [[ 6.6117e-01, -6.2761e-01, -9.7212e-01,  ..., -6.0211e-02,
              9.6275e-01, -5.2363e-01],
            [ 3.7063e-01,  2.9981e-01, -7.5280e-01,  ..., -9.7011e-01,
              5.8772e-01, -2.7560e-01],
            [-4.6635e-01,  6.3864e-02,  5.3736e-01,  ..., -2.3367e-01,
              8.4892e-01, -2.0074e-01],
            ...,
            [-2.0632e-01,  7.7544e-01,  7.9328e-02,  ..., -3.8471e-01,
             -9.8624e-01,  1.2032e-01],
            [-9.6547e-02,  5.0658e-01, -6.4231e-01,  ..., -4.2792e-01,
              9.8472e-01,  1.4935e-01],
            [ 9.1571e-01,  1.1211e-01,  4.4320e-01,  ...,  4.4028e-01,
             -9.4621e-01, -1.1781e-01]],

           ...,

           [[ 8.5393e-01,  1.0771e-01, -6.5017e-01,  ...,  1.2571e-02,
              6.0633e-01, -7.9415e-02],
            [-7.3729e-01,  9.6653e-01,  6.9631e-01,  ..., -2.8754e-02,
             -6.0039e-01,  6.4338e-01],
            [ 1.2279e-03, -1.1451e-01,  4.0433e-01,  ...,  8.5386e-01,
              1.2937e-01, -3.5426e-01],
            ...,
            [-4.9251e-01, -1.5945e-01, -7.0577e-01,  ...,  5.8687e-01,
             -6.9588e-01,  8.6290e-01],
            [ 4.7542e-01, -1.5772e-01, -7.6432e-01,  ..., -7.5112e-01,
              1.9812e-01,  9.1119e-01],
            [ 6.9744e-01,  8.9433e-01,  7.1627e-01,  ..., -4.4078e-01,
              4.0601e-01,  5.4668e-01]],

           [[ 3.1508e-01, -8.2283e-01,  3.6115e-01,  ...,  4.7923e-01,
              9.3497e-01, -2.7017e-02],
            [-9.4535e-01,  4.6617e-01, -3.6776e-01,  ..., -7.5436e-01,
             -9.3902e-01, -5.0009e-01],
            [-1.5946e-01,  6.9444e-02,  2.9868e-01,  ..., -2.1390e-01,
             -4.3141e-01, -1.3672e-01],
            ...,
            [ 3.3449e-01, -8.5964e-01, -6.0751e-02,  ...,  9.9142e-02,
              6.3787e-01,  7.8998e-01],
            [ 2.2328e-01,  1.0490e-01, -4.0345e-01,  ...,  8.1117e-01,
              6.4255e-02, -1.2357e-01],
            [-5.9667e-01, -6.3494e-01, -3.7622e-01,  ..., -7.9234e-01,
              4.8041e-05,  9.6675e-01]],

           [[ 4.1391e-01,  2.7697e-02, -8.2330e-01,  ..., -6.7246e-01,
              5.0701e-01,  2.7340e-01],
            [ 7.4279e-01,  1.7975e-01,  7.6672e-01,  ...,  6.4812e-01,
             -7.9162e-01,  9.7392e-01],
            [-7.4337e-01,  2.1887e-01, -8.1088e-01,  ...,  4.0670e-01,
              3.7152e-01,  9.8544e-01],
            ...,
            [-9.9323e-01,  6.0507e-01,  9.5219e-02,  ...,  1.0628e-01,
             -2.8070e-01,  2.5198e-01],
            [ 4.5793e-01,  3.6377e-01,  9.2493e-01,  ...,  6.2499e-01,
             -9.5200e-01, -3.7364e-01],
            [ 4.8056e-01, -1.1198e-01,  4.1675e-02,  ...,  5.9903e-01,
             -7.0761e-01, -2.6668e-01]]]]]])
----------------------------------------
hide_prompt_meta {'pool_size': 100, 'top_k': 1, 'task_id': 0, 'dataset_map': {'dbpedia': 0}}
----------------------------------------
base_model.shared.weight tensor([[ 0.0364, -0.2363, -0.2236,  ..., -0.2812, -3.8281, -5.9688],
        [ 5.2188, -7.0312,  7.3438,  ...,  2.7500, 14.9375, 25.1250],
        [ 3.4844,  5.9688, 12.5000,  ..., 15.9375, -4.2188,  6.4688],
        ...,
        [-1.0078,  6.0625, -5.9688,  ...,  1.9297, 10.0000,  3.2031],
        [ 2.3594, -1.2344,  7.0312,  ...,  8.8125, 11.2500,  3.3750],
        [ 0.7617, -1.4844,  3.0625,  ..., -3.0312, -0.0469,  3.9531]])
----------------------------------------
base_model.encoder.embed_tokens.weight tensor([[ 0.0364, -0.2363, -0.2236,  ..., -0.2812, -3.8281, -5.9688],
        [ 5.2188, -7.0312,  7.3438,  ...,  2.7500, 14.9375, 25.1250],
        [ 3.4844,  5.9688, 12.5000,  ..., 15.9375, -4.2188,  6.4688],
        ...,
        [-1.0078,  6.0625, -5.9688,  ...,  1.9297, 10.0000,  3.2031],
        [ 2.3594, -1.2344,  7.0312,  ...,  8.8125, 11.2500,  3.3750],
        [ 0.7617, -1.4844,  3.0625,  ..., -3.0312, -0.0469,  3.9531]])
----------------------------------------
base_model.decoder.embed_tokens.weight tensor([[ 0.0364, -0.2363, -0.2236,  ..., -0.2812, -3.8281, -5.9688],
        [ 5.2188, -7.0312,  7.3438,  ...,  2.7500, 14.9375, 25.1250],
        [ 3.4844,  5.9688, 12.5000,  ..., 15.9375, -4.2188,  6.4688],
        ...,
        [-1.0078,  6.0625, -5.9688,  ...,  1.9297, 10.0000,  3.2031],
        [ 2.3594, -1.2344,  7.0312,  ...,  8.8125, 11.2500,  3.3750],
        [ 0.7617, -1.4844,  3.0625,  ..., -3.0312, -0.0469,  3.9531]])
----------------------------------------
base_model.lm_head.weight tensor([[ 0.0364, -0.2363, -0.2236,  ..., -0.2812, -3.8281, -5.9688],
        [ 5.2188, -7.0312,  7.3438,  ...,  2.7500, 14.9375, 25.1250],
        [ 3.4844,  5.9688, 12.5000,  ..., 15.9375, -4.2188,  6.4688],
        ...,
        [-1.0078,  6.0625, -5.9688,  ...,  1.9297, 10.0000,  3.2031],
        [ 2.3594, -1.2344,  7.0312,  ...,  8.8125, 11.2500,  3.3750],
        [ 0.7617, -1.4844,  3.0625,  ..., -3.0312, -0.0469,  3.9531]])
